SCRAPING TIMING | category=Jarros | products=1 | seconds=0.000
SCRAPING TIMING | category=Promocionales | products=1 | seconds=0.000
SCRAPING TIMING | stage=category_extraction | categories=2 | products=2 | seconds=0.002
SCRAPING TIMING | stage=consolidation | products=1 | seconds=0.000
SCRAPING TIMING | stage=images | products=1 | seconds=0.000
SCRAPING TIMING | stage=mapping | products=1 | seconds=0.000
SCRAPING TIMING | stage=catalog_sync | products=1 | seconds=0.000
SCRAPING TIMING | stage=sync_total | products=1 | seconds=0.004
SCRAPING TIMING | category=categoria | products=2 | seconds=0.000
SCRAPING TIMING | stage=persistence | products=2 | seconds=0.000
SCRAPING TIMING | stage=sync_total | products=2 | seconds=0.000
SCRAPING TIMING | stage=run_start | categories=2
SCRAPING TIMING | stage=run_total | categories=2 | seconds=0.001
SCRAPING TIMING | category=Jarros | products=1 | seconds=0.000
SCRAPING TIMING | category=Promocionales | products=1 | seconds=0.000
SCRAPING TIMING | stage=category_extraction | categories=2 | products=2 | seconds=0.002
SCRAPING TIMING | stage=consolidation | products=1 | seconds=0.000
SCRAPING TIMING | stage=images | products=1 | seconds=0.000
SCRAPING TIMING | stage=mapping | products=1 | seconds=0.000
SCRAPING TIMING | stage=catalog_sync | products=1 | seconds=0.000
SCRAPING TIMING | stage=sync_total | products=1 | seconds=0.002
SCRAPING TIMING | category=categoria | products=2 | seconds=0.000
SCRAPING TIMING | stage=persistence | products=2 | seconds=0.000
SCRAPING TIMING | stage=sync_total | products=2 | seconds=0.000
SCRAPING TIMING | stage=run_start | categories=2
SCRAPING TIMING | stage=run_total | categories=2 | seconds=0.001
SCRAPING TIMING | stage=category_discovery | categories=24 | seconds=2.812
SCRAPING TIMING | stage=run_start | categories=24
SCRAPING TIMING | category=Articulos De Antiestres | products=25 | seconds=64.008
SCRAPING TIMING | category=Articulos De Escritorio | products=25 | seconds=56.680
SCRAPING TIMING | category=Articulos De Oficina | products=12 | seconds=26.720
SCRAPING TIMING | category=Articulos De Playa | products=5 | seconds=14.244
SCRAPING TIMING | category=Articulos Personales | products=17 | seconds=36.887
SCRAPING TIMING | category=Bolsas Mochilas | products=3 | seconds=8.686
SCRAPING TIMING | category=Cocina Mesa Y Hogar | products=18 | seconds=36.897
SCRAPING TIMING | category=Enmicadoras Laminadoras | products=9 | seconds=20.185
SCRAPING TIMING | category=Estuches | products=8 | seconds=19.193
SCRAPING TIMING | category=Impresoras Y Consumible Fotograficas Termicas | products=14 | seconds=32.651
SCRAPING TIMING | category=Insumos De Sublimacion | products=25 | seconds=56.729
SCRAPING TIMING | category=Jarros Mug | products=19 | seconds=42.384
SCRAPING TIMING | category=Kits De Herramientas | products=2 | seconds=7.539
SCRAPING TIMING | category=Lapiceros Ecologicos | products=4 | seconds=10.587
SCRAPING TIMING | category=Lapiceros Metalicos | products=10 | seconds=22.632
SCRAPING TIMING | category=Llaveros Y Accesorios | products=25 | seconds=52.662
SCRAPING TIMING | category=Maquinas De Sublimacion | products=25 | seconds=51.509
SCRAPING TIMING | category=Micas Para Enmicados | products=25 | seconds=48.642
SCRAPING TIMING | category=Papeleria Grafipapel | products=23 | seconds=58.696
SCRAPING TIMING | category=Papeles Fotograficos Koala Paper | products=25 | seconds=57.062
SCRAPING TIMING | category=Plotters De Corte | products=15 | seconds=32.068
SCRAPING TIMING | category=Porta Tacos Post It | products=15 | seconds=33.760
SCRAPING TIMING | category=Resaltadores Publicitarios | products=21 | seconds=44.728
SCRAPING TIMING | category=Tecnologia Y Accesorios | products=13 | seconds=35.634
SCRAPING TIMING | stage=category_extraction | categories=24 | products=383 | seconds=870.821
SCRAPING TIMING | stage=consolidation | products=357 | seconds=0.000
SCRAPING TIMING | stage=images | products=357 | seconds=1.480
SCRAPING TIMING | stage=mapping | products=357 | seconds=0.020
SCRAPING TIMING | stage=catalog_sync | products=357 | seconds=0.020
SCRAPING TIMING | stage=sync_total | products=357 | seconds=1.526
SCRAPING TIMING | stage=run_total | categories=24 | seconds=872.350
SCRAPING TIMING | category=Jarros | products=1 | seconds=0.000
SCRAPING TIMING | category=Promocionales | products=1 | seconds=0.000
SCRAPING TIMING | stage=category_extraction | categories=2 | products=2 | seconds=0.001
SCRAPING TIMING | stage=consolidation | products=1 | seconds=0.000
SCRAPING TIMING | stage=images | products=1 | seconds=0.000
SCRAPING TIMING | stage=mapping | products=1 | seconds=0.000
SCRAPING TIMING | stage=catalog_sync | products=1 | seconds=0.000
SCRAPING TIMING | stage=sync_total | products=1 | seconds=0.002
SCRAPING TIMING | category=categoria | products=2 | seconds=0.000
SCRAPING TIMING | stage=persistence | products=2 | seconds=0.000
SCRAPING TIMING | stage=sync_total | products=2 | seconds=0.000
SCRAPING TIMING | stage=run_start | categories=2
SCRAPING TIMING | stage=run_total | categories=2 | seconds=0.001
SCRAPING TIMING | stage=category_discovery | categories=24 | seconds=2.176
SCRAPING TIMING | stage=run_start | categories=24
SCRAPING TIMING | category=Articulos De Antiestres | products=25 | seconds=27.227
SCRAPING TIMING | category=Articulos De Escritorio | products=25 | seconds=26.217
SCRAPING TIMING | category=Articulos De Oficina | products=12 | seconds=14.731
SCRAPING TIMING | category=Articulos De Playa | products=5 | seconds=10.410
SCRAPING TIMING | category=Articulos Personales | products=17 | seconds=20.424
SCRAPING TIMING | category=Bolsas Mochilas | products=3 | seconds=7.456
SCRAPING TIMING | category=Cocina Mesa Y Hogar | products=18 | seconds=16.370
SCRAPING TIMING | category=Enmicadoras Laminadoras | products=9 | seconds=12.564
SCRAPING TIMING | category=Estuches | products=8 | seconds=10.706
SCRAPING TIMING | category=Impresoras Y Consumible Fotograficas Termicas | products=14 | seconds=14.814
SCRAPING TIMING | category=Insumos De Sublimacion | products=25 | seconds=23.314
SCRAPING TIMING | category=Jarros Mug | products=19 | seconds=21.162
SCRAPING TIMING | category=Kits De Herramientas | products=2 | seconds=5.882
SCRAPING TIMING | category=Lapiceros Ecologicos | products=4 | seconds=6.577
SCRAPING TIMING | category=Lapiceros Metalicos | products=10 | seconds=12.185
SCRAPING TIMING | category=Llaveros Y Accesorios | products=25 | seconds=20.636
SCRAPING TIMING | category=Maquinas De Sublimacion | products=25 | seconds=23.456
SCRAPING TIMING | category=Micas Para Enmicados | products=25 | seconds=21.174
SCRAPING TIMING | category=Papeleria Grafipapel | products=23 | seconds=20.879
SCRAPING TIMING | category=Papeles Fotograficos Koala Paper | products=25 | seconds=21.146
SCRAPING TIMING | category=Plotters De Corte | products=15 | seconds=14.338
SCRAPING TIMING | category=Porta Tacos Post It | products=15 | seconds=13.927
SCRAPING TIMING | category=Resaltadores Publicitarios | products=21 | seconds=20.829
SCRAPING TIMING | category=Tecnologia Y Accesorios | products=13 | seconds=12.887
SCRAPING TIMING | stage=category_extraction | categories=24 | products=383 | seconds=399.339
SCRAPING TIMING | stage=consolidation | products=357 | seconds=0.000
SCRAPING TIMING | stage=images | products=357 | seconds=0.654
SCRAPING TIMING | stage=mapping | products=357 | seconds=0.008
SCRAPING TIMING | stage=catalog_sync | products=357 | seconds=0.011
SCRAPING TIMING | stage=sync_total | products=357 | seconds=0.676
SCRAPING TIMING | stage=run_total | categories=24 | seconds=400.017
SCRAPING TIMING | category=Jarros | products=1 | seconds=0.000
SCRAPING TIMING | category=Promocionales | products=1 | seconds=0.000
SCRAPING TIMING | stage=category_extraction | categories=2 | products=2 | seconds=0.003
SCRAPING TIMING | stage=consolidation | products=1 | seconds=0.000
SCRAPING TIMING | stage=images | products=1 | seconds=0.000
SCRAPING TIMING | stage=mapping | products=1 | seconds=0.000
SCRAPING TIMING | stage=catalog_sync | products=1 | seconds=0.000
SCRAPING TIMING | stage=sync_total | products=1 | seconds=0.002
SCRAPING TIMING | category=categoria | products=2 | seconds=0.000
SCRAPING TIMING | stage=persistence | products=2 | seconds=0.000
SCRAPING TIMING | stage=sync_total | products=2 | seconds=0.000
SCRAPING TIMING | stage=run_start | categories=2
SCRAPING TIMING | stage=run_total | categories=2 | seconds=0.001
SCRAPING TIMING | stage=category_discovery | categories=24 | seconds=2.099
SCRAPING TIMING | stage=run_start | categories=24
SCRAPING TIMING | category=Articulos De Oficina | products=12 | seconds=14.830
SCRAPING TIMING | category=Articulos De Playa | products=5 | seconds=11.188
SCRAPING TIMING | category=Articulos De Antiestres | products=25 | seconds=28.414
SCRAPING TIMING | category=Articulos De Escritorio | products=25 | seconds=28.829
SCRAPING TIMING | category=Bolsas Mochilas | products=3 | seconds=7.272
SCRAPING TIMING | category=Cocina Mesa Y Hogar | products=18 | seconds=23.373
SCRAPING TIMING | category=Articulos Personales | products=17 | seconds=26.262
SCRAPING TIMING | category=Enmicadoras Laminadoras | products=9 | seconds=16.636
SCRAPING TIMING | category=Estuches | products=8 | seconds=12.422
SCRAPING TIMING | category=Impresoras Y Consumible Fotograficas Termicas | products=14 | seconds=17.298
SCRAPING TIMING | category=Kits De Herramientas | products=2 | seconds=7.076
SCRAPING TIMING | category=Insumos De Sublimacion | products=25 | seconds=26.428
SCRAPING TIMING | category=Lapiceros Ecologicos | products=4 | seconds=8.221
SCRAPING TIMING | category=Jarros Mug | products=19 | seconds=21.814
SCRAPING TIMING | category=Lapiceros Metalicos | products=10 | seconds=13.537
SCRAPING TIMING | category=Llaveros Y Accesorios | products=25 | seconds=29.142
SCRAPING TIMING | category=Maquinas De Sublimacion | products=25 | seconds=30.143
SCRAPING TIMING | category=Micas Para Enmicados | products=25 | seconds=28.179
SCRAPING TIMING | category=Plotters De Corte | products=15 | seconds=18.013
SCRAPING TIMING | category=Papeleria Grafipapel | products=23 | seconds=27.190
SCRAPING TIMING | category=Papeles Fotograficos Koala Paper | products=25 | seconds=28.446
SCRAPING TIMING | category=Porta Tacos Post It | products=15 | seconds=18.577
SCRAPING TIMING | category=Tecnologia Y Accesorios | products=13 | seconds=16.107
SCRAPING TIMING | category=Resaltadores Publicitarios | products=21 | seconds=23.229
SCRAPING TIMING | stage=category_extraction | categories=24 | products=383 | seconds=164.452
SCRAPING TIMING | stage=consolidation | products=357 | seconds=0.000
SCRAPING TIMING | stage=images | products=357 | seconds=0.562
SCRAPING TIMING | stage=mapping | products=357 | seconds=0.004
SCRAPING TIMING | stage=catalog_sync | products=357 | seconds=0.009
SCRAPING TIMING | stage=sync_total | products=357 | seconds=0.577
SCRAPING TIMING | stage=run_total | categories=24 | seconds=165.031
SCRAPING TIMING | category=Jarros | products=1 | seconds=0.000
SCRAPING TIMING | category=Promocionales | products=1 | seconds=0.000
SCRAPING TIMING | stage=category_extraction | categories=2 | products=2 | seconds=0.005
SCRAPING TIMING | stage=consolidation | products=1 | seconds=0.000
SCRAPING TIMING | stage=images | products=1 | seconds=0.000
SCRAPING TIMING | stage=mapping | products=1 | seconds=0.000
SCRAPING TIMING | stage=catalog_sync | products=1 | seconds=0.000
SCRAPING TIMING | stage=sync_total | products=1 | seconds=0.004
SCRAPING TIMING | category=categoria | products=2 | seconds=0.000
SCRAPING TIMING | stage=persistence | products=2 | seconds=0.000
SCRAPING TIMING | stage=sync_total | products=2 | seconds=0.000
SCRAPING TIMING | stage=run_start | categories=2
SCRAPING TIMING | stage=run_total | categories=2 | seconds=0.001
SCRAPING TIMING | category=Jarros | products=1 | seconds=0.000
SCRAPING TIMING | category=Promocionales | products=1 | seconds=0.000
SCRAPING TIMING | stage=category_extraction | categories=2 | products=2 | seconds=0.006
SCRAPING TIMING | stage=consolidation | products=1 | seconds=0.000
SCRAPING TIMING | stage=images | products=1 | seconds=0.000
SCRAPING TIMING | stage=mapping | products=1 | seconds=0.000
SCRAPING TIMING | stage=catalog_sync | products=1 | seconds=0.000
SCRAPING TIMING | stage=sync_total | products=1 | seconds=0.003
SCRAPING TIMING | category=categoria | products=2 | seconds=0.000
SCRAPING TIMING | stage=persistence | products=2 | seconds=0.000
SCRAPING TIMING | stage=sync_total | products=2 | seconds=0.000
SCRAPING TIMING | stage=run_start | categories=2
SCRAPING TIMING | stage=run_total | categories=2 | seconds=0.001
SCRAPING TIMING | category=Jarros | products=1 | seconds=0.000
SCRAPING TIMING | category=Promocionales | products=1 | seconds=0.000
SCRAPING TIMING | stage=category_extraction | categories=2 | products=2 | seconds=0.003
SCRAPING TIMING | stage=consolidation | products=1 | seconds=0.000
SCRAPING TIMING | stage=images | products=1 | seconds=0.000
SCRAPING TIMING | stage=mapping | products=1 | seconds=0.000
SCRAPING TIMING | stage=catalog_sync | products=1 | seconds=0.000
SCRAPING TIMING | stage=sync_total | products=1 | seconds=0.003
SCRAPING TIMING | category=categoria | products=2 | seconds=0.000
SCRAPING TIMING | stage=persistence | products=2 | seconds=0.000
SCRAPING TIMING | stage=sync_total | products=2 | seconds=0.000
SCRAPING TIMING | stage=run_start | categories=2
SCRAPING TIMING | stage=run_total | categories=2 | seconds=0.001
SCRAPING TIMING | stage=category_discovery | categories=24 | seconds=2.028
SCRAPING TIMING | stage=run_start | categories=24
SCRAPING TIMING | category=Articulos De Oficina | products=12 | seconds=13.825
SCRAPING TIMING | category=Articulos De Playa | products=5 | seconds=10.487
SCRAPING TIMING | category=Articulos De Antiestres | products=25 | seconds=28.063
SCRAPING TIMING | category=Articulos De Escritorio | products=25 | seconds=28.789
SCRAPING TIMING | category=Bolsas Mochilas | products=3 | seconds=6.910
SCRAPING TIMING | category=Articulos Personales | products=17 | seconds=24.855
SCRAPING TIMING | category=Enmicadoras Laminadoras | products=9 | seconds=15.189
SCRAPING TIMING | category=Cocina Mesa Y Hogar | products=18 | seconds=21.383
SCRAPING TIMING | category=Estuches | products=8 | seconds=11.391
SCRAPING TIMING | category=Impresoras Y Consumible Fotograficas Termicas | products=14 | seconds=16.746
SCRAPING TIMING | category=Kits De Herramientas | products=2 | seconds=7.542
SCRAPING TIMING | category=Insumos De Sublimacion | products=25 | seconds=27.500
SCRAPING TIMING | category=Jarros Mug | products=19 | seconds=22.148
SCRAPING TIMING | category=Lapiceros Ecologicos | products=4 | seconds=8.373
SCRAPING TIMING | category=Lapiceros Metalicos | products=10 | seconds=12.499
SCRAPING TIMING | category=Maquinas De Sublimacion | products=25 | seconds=27.193
SCRAPING TIMING | category=Llaveros Y Accesorios | products=25 | seconds=27.910
SCRAPING TIMING | category=Micas Para Enmicados | products=25 | seconds=23.711
SCRAPING TIMING | category=Plotters De Corte | products=15 | seconds=20.206
SCRAPING TIMING | category=Papeleria Grafipapel | products=23 | seconds=30.091
SCRAPING TIMING | category=Papeles Fotograficos Koala Paper | products=25 | seconds=30.497
SCRAPING TIMING | category=Porta Tacos Post It | products=15 | seconds=17.826
SCRAPING TIMING | category=Tecnologia Y Accesorios | products=13 | seconds=13.506
SCRAPING TIMING | category=Resaltadores Publicitarios | products=21 | seconds=20.371
SCRAPING TIMING | stage=category_extraction | categories=24 | products=383 | seconds=160.500
SCRAPING TIMING | stage=detail_cache | requests=381 | cache_hits=2 | cache_size=381
SCRAPING TIMING | stage=consolidation | products=357 | seconds=0.000
SCRAPING TIMING | stage=images | products=357 | seconds=0.627
SCRAPING TIMING | stage=mapping | products=357 | seconds=0.006
SCRAPING TIMING | stage=catalog_sync | products=357 | seconds=0.011
SCRAPING TIMING | stage=sync_total | products=357 | seconds=0.646
SCRAPING TIMING | stage=run_total | categories=24 | seconds=161.149
SCRAPING TIMING | category=Jarros | products=1 | seconds=0.000
SCRAPING TIMING | category=Promocionales | products=1 | seconds=0.000
SCRAPING TIMING | stage=category_extraction | categories=2 | products=2 | seconds=0.005
SCRAPING TIMING | stage=consolidation | products=1 | seconds=0.000
SCRAPING TIMING | stage=images | products=1 | seconds=0.000
SCRAPING TIMING | stage=mapping | products=1 | seconds=0.000
SCRAPING TIMING | stage=catalog_sync | products=1 | seconds=0.000
SCRAPING TIMING | stage=sync_total | products=1 | seconds=0.004
SCRAPING TIMING | category=categoria | products=2 | seconds=0.000
SCRAPING TIMING | stage=persistence | products=2 | seconds=0.000
SCRAPING TIMING | stage=sync_total | products=2 | seconds=0.000
SCRAPING TIMING | stage=run_start | categories=2
SCRAPING TIMING | stage=run_total | categories=2 | seconds=0.001
SCRAPING TIMING | stage=category_discovery | categories=24 | seconds=1.839
SCRAPING TIMING | stage=run_start | categories=24
SCRAPING TIMING | category=Articulos De Oficina | products=12 | seconds=13.873
SCRAPING TIMING | category=Articulos De Playa | products=5 | seconds=11.527
SCRAPING TIMING | category=Articulos De Antiestres | products=25 | seconds=28.781
SCRAPING TIMING | category=Articulos De Escritorio | products=25 | seconds=29.419
SCRAPING TIMING | category=Bolsas Mochilas | products=3 | seconds=7.533
SCRAPING TIMING | category=Articulos Personales | products=17 | seconds=26.059
SCRAPING TIMING | category=Enmicadoras Laminadoras | products=9 | seconds=15.491
SCRAPING TIMING | category=Cocina Mesa Y Hogar | products=18 | seconds=22.475
SCRAPING TIMING | category=Estuches | products=8 | seconds=10.745
SCRAPING TIMING | category=Impresoras Y Consumible Fotograficas Termicas | products=14 | seconds=14.322
SCRAPING TIMING | category=Kits De Herramientas | products=2 | seconds=7.690
SCRAPING TIMING | category=Insumos De Sublimacion | products=25 | seconds=26.008
SCRAPING TIMING | category=Lapiceros Ecologicos | products=4 | seconds=10.379
SCRAPING TIMING | category=Jarros Mug | products=19 | seconds=23.689
SCRAPING TIMING | category=Lapiceros Metalicos | products=10 | seconds=16.422
SCRAPING TIMING | category=Llaveros Y Accesorios | products=25 | seconds=28.603
SCRAPING TIMING | category=Maquinas De Sublimacion | products=25 | seconds=28.034
SCRAPING TIMING | category=Micas Para Enmicados | products=25 | seconds=26.047
SCRAPING TIMING | category=Plotters De Corte | products=15 | seconds=21.446
SCRAPING TIMING | category=Papeleria Grafipapel | products=23 | seconds=31.284
SCRAPING TIMING | category=Papeles Fotograficos Koala Paper | products=25 | seconds=31.850
SCRAPING TIMING | category=Porta Tacos Post It | products=15 | seconds=19.485
SCRAPING TIMING | category=Tecnologia Y Accesorios | products=13 | seconds=16.244
SCRAPING TIMING | category=Resaltadores Publicitarios | products=21 | seconds=21.684
SCRAPING TIMING | stage=category_extraction | categories=24 | products=383 | seconds=165.832
SCRAPING TIMING | stage=detail_cache | requests=381 | cache_hits=2 | cache_size=381
SCRAPING TIMING | stage=consolidation | products=357 | seconds=0.000
SCRAPING TIMING | stage=images | products=357 | seconds=0.625
SCRAPING TIMING | stage=mapping | products=357 | seconds=0.005
SCRAPING TIMING | stage=catalog_sync | products=357 | seconds=0.009
SCRAPING TIMING | stage=sync_total | products=357 | seconds=0.642
SCRAPING TIMING | stage=run_total | categories=24 | seconds=166.476
SCRAPING TIMING | category=Jarros | products=1 | seconds=0.000
SCRAPING TIMING | category=Promocionales | products=1 | seconds=0.000
SCRAPING TIMING | stage=category_extraction | categories=2 | products=2 | seconds=0.003
SCRAPING TIMING | stage=consolidation | products=1 | seconds=0.000
SCRAPING TIMING | stage=images | products=1 | seconds=0.000
SCRAPING TIMING | stage=mapping | products=1 | seconds=0.000
SCRAPING TIMING | stage=catalog_sync | products=1 | seconds=0.000
SCRAPING TIMING | stage=sync_total | products=1 | seconds=0.003
SCRAPING TIMING | category=categoria | products=2 | seconds=0.000
SCRAPING TIMING | stage=persistence | products=2 | seconds=0.000
SCRAPING TIMING | stage=sync_total | products=2 | seconds=0.000
SCRAPING TIMING | stage=run_start | categories=2
SCRAPING TIMING | stage=run_total | categories=2 | seconds=0.001
SCRAPING TIMING | stage=category_discovery | categories=24 | seconds=2.538
SCRAPING TIMING | stage=run_start | categories=24
SCRAPING TIMING | category=Articulos De Oficina | products=12 | seconds=18.607
SCRAPING TIMING | category=Articulos De Playa | products=5 | seconds=12.603
SCRAPING TIMING | category=Articulos De Escritorio | products=25 | seconds=46.392
SCRAPING TIMING | category=Articulos De Antiestres | products=25 | seconds=49.347
SCRAPING TIMING | category=Bolsas Mochilas | products=3 | seconds=10.180
SCRAPING TIMING | category=Articulos Personales | products=17 | seconds=25.840
SCRAPING TIMING | category=Estuches | products=8 | seconds=13.077
SCRAPING TIMING | category=Enmicadoras Laminadoras | products=9 | seconds=16.485
SCRAPING TIMING | category=Cocina Mesa Y Hogar | products=18 | seconds=24.592
SCRAPING TIMING | category=Impresoras Y Consumible Fotograficas Termicas | products=14 | seconds=16.955
SCRAPING TIMING | category=Kits De Herramientas | products=2 | seconds=8.485
SCRAPING TIMING | category=Jarros Mug | products=19 | seconds=23.773
SCRAPING TIMING | category=Insumos De Sublimacion | products=25 | seconds=26.229
SCRAPING TIMING | category=Lapiceros Ecologicos | products=4 | seconds=8.048
SCRAPING TIMING | category=Lapiceros Metalicos | products=10 | seconds=13.551
SCRAPING TIMING | category=Llaveros Y Accesorios | products=25 | seconds=24.541
SCRAPING TIMING | category=Maquinas De Sublimacion | products=25 | seconds=23.909
SCRAPING TIMING | category=Micas Para Enmicados | products=25 | seconds=25.528
SCRAPING TIMING | category=Papeleria Grafipapel | products=23 | seconds=26.283
SCRAPING TIMING | category=Plotters De Corte | products=15 | seconds=18.666
SCRAPING TIMING | category=Papeles Fotograficos Koala Paper | products=25 | seconds=28.209
SCRAPING TIMING | category=Porta Tacos Post It | products=15 | seconds=20.208
SCRAPING TIMING | category=Tecnologia Y Accesorios | products=13 | seconds=15.061
SCRAPING TIMING | category=Resaltadores Publicitarios | products=21 | seconds=21.132
SCRAPING TIMING | stage=category_extraction | categories=24 | products=383 | seconds=176.606
SCRAPING TIMING | stage=detail_cache | requests=381 | cache_hits=2 | cache_size=381
SCRAPING TIMING | stage=consolidation | products=357 | seconds=0.000
SCRAPING TIMING | stage=images | products=357 | seconds=1.340
SCRAPING TIMING | stage=mapping | products=357 | seconds=0.010
SCRAPING TIMING | stage=catalog_sync | products=357 | seconds=0.020
SCRAPING TIMING | stage=sync_total | products=357 | seconds=1.375
SCRAPING TIMING | stage=run_total | categories=24 | seconds=177.985
SCRAPING TIMING | category=Jarros | products=1 | seconds=0.000
SCRAPING TIMING | category=Promocionales | products=1 | seconds=0.000
SCRAPING TIMING | stage=category_extraction | categories=2 | products=2 | seconds=0.010
SCRAPING TIMING | stage=consolidation | products=1 | seconds=0.000
SCRAPING TIMING | stage=images | products=1 | seconds=0.000
SCRAPING TIMING | stage=mapping | products=1 | seconds=0.000
SCRAPING TIMING | stage=catalog_sync | products=1 | seconds=0.000
SCRAPING TIMING | stage=sync_total | products=1 | seconds=0.007
SCRAPING TIMING | category=categoria | products=2 | seconds=0.000
SCRAPING TIMING | stage=persistence | products=2 | seconds=0.000
SCRAPING TIMING | stage=sync_total | products=2 | seconds=0.000
SCRAPING TIMING | stage=run_start | categories=2
SCRAPING TIMING | stage=run_total | categories=2 | seconds=0.001
SCRAPING TIMING | category=Jarros | products=1 | seconds=0.000
SCRAPING TIMING | category=Promocionales | products=1 | seconds=0.000
SCRAPING TIMING | stage=category_extraction | categories=2 | products=2 | seconds=0.006
SCRAPING TIMING | stage=consolidation | products=1 | seconds=0.000
SCRAPING TIMING | stage=images | products=1 | seconds=0.000
SCRAPING TIMING | stage=mapping | products=1 | seconds=0.000
SCRAPING TIMING | stage=catalog_sync | products=1 | seconds=0.000
SCRAPING TIMING | stage=sync_total | products=1 | seconds=0.005
SCRAPING TIMING | category=categoria | products=2 | seconds=0.000
SCRAPING TIMING | stage=persistence | products=2 | seconds=0.000
SCRAPING TIMING | stage=sync_total | products=2 | seconds=0.000
SCRAPING TIMING | stage=run_start | categories=2
SCRAPING TIMING | stage=run_total | categories=2 | seconds=0.002
SCRAPING TIMING | category=Jarros | products=1 | seconds=0.000
SCRAPING TIMING | category=Promocionales | products=1 | seconds=0.000
SCRAPING TIMING | stage=category_extraction | categories=2 | products=2 | seconds=0.003
SCRAPING TIMING | stage=consolidation | products=1 | seconds=0.000
SCRAPING TIMING | stage=images | products=1 | seconds=0.000
SCRAPING TIMING | stage=mapping | products=1 | seconds=0.000
SCRAPING TIMING | stage=catalog_sync | products=1 | seconds=0.000
SCRAPING TIMING | stage=sync_total | products=1 | seconds=0.003
SCRAPING TIMING | category=categoria | products=2 | seconds=0.000
SCRAPING TIMING | stage=persistence | products=2 | seconds=0.000
SCRAPING TIMING | stage=sync_total | products=2 | seconds=0.000
SCRAPING TIMING | stage=run_start | categories=2
SCRAPING TIMING | stage=run_total | categories=2 | seconds=0.002
SCRAPING TIMING | category=Jarros | products=1 | seconds=0.000
SCRAPING TIMING | category=Promocionales | products=1 | seconds=0.000
SCRAPING TIMING | stage=category_extraction | categories=2 | products=2 | seconds=0.005
SCRAPING TIMING | stage=consolidation | products=1 | seconds=0.000
SCRAPING TIMING | stage=images | products=1 | seconds=0.000
SCRAPING TIMING | stage=mapping | products=1 | seconds=0.000
SCRAPING TIMING | stage=catalog_sync | products=1 | seconds=0.000
SCRAPING TIMING | stage=sync_total | products=1 | seconds=0.003
SCRAPING TIMING | category=categoria | products=2 | seconds=0.000
SCRAPING TIMING | stage=persistence | products=2 | seconds=0.000
SCRAPING TIMING | stage=sync_total | products=2 | seconds=0.000
SCRAPING TIMING | stage=run_start | categories=2
SCRAPING TIMING | stage=run_total | categories=2 | seconds=0.001
SCRAPING TIMING | category=Jarros | products=1 | seconds=0.000
SCRAPING TIMING | category=Promocionales | products=1 | seconds=0.000
SCRAPING TIMING | stage=category_extraction | categories=2 | products=2 | seconds=0.010
SCRAPING TIMING | stage=consolidation | products=1 | seconds=0.000
SCRAPING TIMING | stage=images | products=1 | seconds=0.000
SCRAPING TIMING | stage=mapping | products=1 | seconds=0.000
SCRAPING TIMING | stage=catalog_sync | products=1 | seconds=0.000
SCRAPING TIMING | stage=sync_total | products=1 | seconds=0.006
SCRAPING TIMING | category=categoria | products=2 | seconds=0.000
SCRAPING TIMING | stage=persistence | products=2 | seconds=0.000
SCRAPING TIMING | stage=sync_total | products=2 | seconds=0.000
SCRAPING TIMING | stage=run_start | categories=2
SCRAPING TIMING | stage=run_total | categories=2 | seconds=0.002
SCRAPING TIMING | category=Jarros | products=1 | seconds=0.000
SCRAPING TIMING | category=Promocionales | products=1 | seconds=0.000
SCRAPING TIMING | stage=category_extraction | categories=2 | products=2 | seconds=0.009
SCRAPING TIMING | stage=consolidation | products=1 | seconds=0.000
SCRAPING TIMING | stage=images | products=1 | seconds=0.000
SCRAPING TIMING | stage=mapping | products=1 | seconds=0.000
SCRAPING TIMING | stage=catalog_sync | products=1 | seconds=0.000
SCRAPING TIMING | stage=sync_total | products=1 | seconds=0.005
SCRAPING TIMING | category=categoria | products=2 | seconds=0.000
SCRAPING TIMING | stage=persistence | products=2 | seconds=0.000
SCRAPING TIMING | stage=sync_total | products=2 | seconds=0.000
SCRAPING TIMING | stage=run_start | categories=2
SCRAPING TIMING | stage=run_total | categories=2 | seconds=0.022
SCRAPING TIMING | category=Jarros | products=1 | seconds=0.000
SCRAPING TIMING | category=Promocionales | products=1 | seconds=0.000
SCRAPING TIMING | stage=category_extraction | categories=2 | products=2 | seconds=0.006
SCRAPING TIMING | stage=consolidation | products=1 | seconds=0.000
SCRAPING TIMING | stage=images | products=1 | seconds=0.000
SCRAPING TIMING | stage=mapping | products=1 | seconds=0.000
SCRAPING TIMING | stage=catalog_sync | products=1 | seconds=0.000
SCRAPING TIMING | stage=sync_total | products=1 | seconds=0.005
SCRAPING TIMING | category=categoria | products=2 | seconds=0.000
SCRAPING TIMING | stage=persistence | products=2 | seconds=0.000
SCRAPING TIMING | stage=sync_total | products=2 | seconds=0.000
SCRAPING TIMING | stage=run_start | categories=2
SCRAPING TIMING | stage=run_total | categories=2 | seconds=0.002
SCRAPING TIMING | category=Jarros | products=1 | seconds=0.000
SCRAPING TIMING | category=Promocionales | products=1 | seconds=0.000
SCRAPING TIMING | stage=category_extraction | categories=2 | products=2 | seconds=0.006
SCRAPING TIMING | stage=consolidation | products=1 | seconds=0.000
SCRAPING TIMING | stage=images | products=1 | seconds=0.000
SCRAPING TIMING | stage=mapping | products=1 | seconds=0.000
SCRAPING TIMING | stage=catalog_sync | products=1 | seconds=0.000
SCRAPING TIMING | stage=sync_total | products=1 | seconds=0.005
SCRAPING TIMING | category=categoria | products=2 | seconds=0.000
SCRAPING TIMING | stage=persistence | products=2 | seconds=0.000
SCRAPING TIMING | stage=sync_total | products=2 | seconds=0.000
SCRAPING TIMING | stage=run_start | categories=2
SCRAPING TIMING | stage=run_total | categories=2 | seconds=0.000
SCRAPING TIMING | category=Jarros | products=1 | seconds=0.000
SCRAPING TIMING | category=Promocionales | products=1 | seconds=0.000
SCRAPING TIMING | stage=category_extraction | categories=2 | products=2 | seconds=0.002
SCRAPING TIMING | stage=consolidation | products=1 | seconds=0.000
SCRAPING TIMING | stage=images | products=1 | seconds=0.000
SCRAPING TIMING | stage=mapping | products=1 | seconds=0.000
SCRAPING TIMING | stage=catalog_sync | products=1 | seconds=0.000
SCRAPING TIMING | stage=sync_total | products=1 | seconds=0.001
SCRAPING TIMING | category=categoria | products=2 | seconds=0.000
SCRAPING TIMING | stage=persistence | products=2 | seconds=0.000
SCRAPING TIMING | stage=sync_total | products=2 | seconds=0.000
SCRAPING TIMING | stage=run_start | categories=2
SCRAPING TIMING | stage=run_total | categories=2 | seconds=0.001
SCRAPING TIMING | category=Jarros | products=1 | seconds=0.000
SCRAPING TIMING | category=Promocionales | products=1 | seconds=0.000
SCRAPING TIMING | stage=category_extraction | categories=2 | products=2 | seconds=0.003
SCRAPING TIMING | stage=consolidation | products=1 | seconds=0.000
SCRAPING TIMING | stage=images | products=1 | seconds=0.000
SCRAPING TIMING | stage=mapping | products=1 | seconds=0.000
SCRAPING TIMING | stage=catalog_sync | products=1 | seconds=0.000
SCRAPING TIMING | stage=sync_total | products=1 | seconds=0.002
SCRAPING TIMING | category=categoria | products=2 | seconds=0.000
SCRAPING TIMING | stage=persistence | products=2 | seconds=0.000
SCRAPING TIMING | stage=sync_total | products=2 | seconds=0.000
SCRAPING TIMING | stage=run_start | categories=2
SCRAPING TIMING | stage=run_total | categories=2 | seconds=0.001
SCRAPING TIMING | stage=category_discovery | categories=24 | seconds=2.411
SCRAPING TIMING | stage=run_start | categories=24
SCRAPING TIMING | category=Articulos De Oficina | products=12 | seconds=16.292
SCRAPING TIMING | category=Articulos De Antiestres | products=25 | seconds=26.597
SCRAPING TIMING | category=Articulos De Escritorio | products=25 | seconds=31.258
SCRAPING TIMING | category=Articulos De Playa | products=5 | seconds=15.972
SCRAPING TIMING | category=Bolsas Mochilas | products=3 | seconds=6.949
SCRAPING TIMING | category=Articulos Personales | products=17 | seconds=22.342
SCRAPING TIMING | category=Cocina Mesa Y Hogar | products=18 | seconds=20.392
SCRAPING TIMING | category=Enmicadoras Laminadoras | products=9 | seconds=15.979
SCRAPING TIMING | category=Estuches | products=8 | seconds=11.294
SCRAPING TIMING | category=Impresoras Y Consumible Fotograficas Termicas | products=14 | seconds=14.232
SCRAPING TIMING | category=Kits De Herramientas | products=2 | seconds=5.732
SCRAPING TIMING | category=Insumos De Sublimacion | products=25 | seconds=25.059
SCRAPING TIMING | category=Jarros Mug | products=19 | seconds=22.620
SCRAPING TIMING | category=Lapiceros Ecologicos | products=4 | seconds=11.074
SCRAPING TIMING | category=Lapiceros Metalicos | products=10 | seconds=12.624
SCRAPING TIMING | category=Llaveros Y Accesorios | products=25 | seconds=22.854
SCRAPING TIMING | category=Maquinas De Sublimacion | products=25 | seconds=30.232
SCRAPING TIMING | category=Micas Para Enmicados | products=25 | seconds=27.800
SCRAPING TIMING | category=Papeleria Grafipapel | products=23 | seconds=24.429
SCRAPING TIMING | category=Papeles Fotograficos Koala Paper | products=25 | seconds=22.763
SCRAPING TIMING | category=Plotters De Corte | products=15 | seconds=20.110
SCRAPING TIMING | category=Porta Tacos Post It | products=15 | seconds=16.163
SCRAPING TIMING | category=Tecnologia Y Accesorios | products=13 | seconds=13.678
SCRAPING TIMING | category=Resaltadores Publicitarios | products=21 | seconds=21.083
SCRAPING TIMING | stage=category_extraction | categories=24 | products=383 | seconds=157.792
SCRAPING TIMING | stage=detail_cache | requests=366 | cache_hits=17 | cache_size=366
SCRAPING TIMING | stage=consolidation | products=357 | seconds=0.000
SCRAPING TIMING | stage=images | products=357 | seconds=0.573
SCRAPING TIMING | stage=mapping | products=357 | seconds=0.005
SCRAPING TIMING | stage=catalog_sync | products=357 | seconds=0.008
SCRAPING TIMING | stage=sync_total | products=357 | seconds=0.588
SCRAPING TIMING | stage=run_total | categories=24 | seconds=158.385
SCRAPING TIMING | category=Jarros | products=1 | seconds=0.000
SCRAPING TIMING | category=Promocionales | products=1 | seconds=0.000
SCRAPING TIMING | stage=category_extraction | categories=2 | products=2 | seconds=0.017
SCRAPING TIMING | stage=consolidation | products=1 | seconds=0.000
SCRAPING TIMING | stage=images | products=1 | seconds=0.000
SCRAPING TIMING | stage=mapping | products=1 | seconds=0.000
SCRAPING TIMING | stage=catalog_sync | products=1 | seconds=0.000
SCRAPING TIMING | stage=sync_total | products=1 | seconds=0.010
SCRAPING TIMING | category=categoria | products=2 | seconds=0.000
SCRAPING TIMING | stage=persistence | products=2 | seconds=0.000
SCRAPING TIMING | stage=sync_total | products=2 | seconds=0.000
SCRAPING TIMING | stage=run_start | categories=2
SCRAPING TIMING | stage=run_total | categories=2 | seconds=0.002
SCRAPING TIMING | stage=category_discovery | categories=24 | seconds=2.269
SCRAPING TIMING | stage=run_start | categories=24
SCRAPING TIMING | category=Articulos De Oficina | products=12 | seconds=10.926
SCRAPING TIMING | category=Articulos De Escritorio | products=25 | seconds=16.330
SCRAPING TIMING | category=Articulos De Antiestres | products=25 | seconds=21.126
SCRAPING TIMING | category=Articulos De Playa | products=5 | seconds=11.023
SCRAPING TIMING | category=Bolsas Mochilas | products=3 | seconds=4.243
SCRAPING TIMING | category=Articulos Personales | products=17 | seconds=12.662
SCRAPING TIMING | category=Cocina Mesa Y Hogar | products=18 | seconds=10.716
SCRAPING TIMING | category=Enmicadoras Laminadoras | products=9 | seconds=8.889
SCRAPING TIMING | category=Estuches | products=8 | seconds=6.491
SCRAPING TIMING | category=Impresoras Y Consumible Fotograficas Termicas | products=14 | seconds=8.548
SCRAPING TIMING | category=Jarros Mug | products=19 | seconds=11.714
SCRAPING TIMING | category=Insumos De Sublimacion | products=25 | seconds=17.950
SCRAPING TIMING | category=Kits De Herramientas | products=2 | seconds=11.131
SCRAPING TIMING | category=Lapiceros Ecologicos | products=4 | seconds=6.533
SCRAPING TIMING | category=Lapiceros Metalicos | products=10 | seconds=8.672
SCRAPING TIMING | category=Llaveros Y Accesorios | products=25 | seconds=14.608
SCRAPING TIMING | category=Maquinas De Sublimacion | products=25 | seconds=18.066
SCRAPING TIMING | category=Micas Para Enmicados | products=25 | seconds=16.040
SCRAPING TIMING | category=Papeleria Grafipapel | products=23 | seconds=14.676
SCRAPING TIMING | category=Papeles Fotograficos Koala Paper | products=25 | seconds=14.568
SCRAPING TIMING | category=Plotters De Corte | products=15 | seconds=12.552
SCRAPING TIMING | category=Porta Tacos Post It | products=15 | seconds=10.528
SCRAPING TIMING | category=Resaltadores Publicitarios | products=21 | seconds=12.589
SCRAPING TIMING | category=Tecnologia Y Accesorios | products=13 | seconds=11.823
SCRAPING TIMING | stage=category_extraction | categories=24 | products=383 | seconds=101.308
SCRAPING TIMING | stage=detail_cache | requests=366 | cache_hits=17 | cache_size=366
SCRAPING TIMING | stage=consolidation | products=357 | seconds=0.000
SCRAPING TIMING | stage=images | products=357 | seconds=0.584
SCRAPING TIMING | stage=mapping | products=357 | seconds=0.005
SCRAPING TIMING | stage=catalog_sync | products=357 | seconds=0.010
SCRAPING TIMING | stage=sync_total | products=357 | seconds=0.601
SCRAPING TIMING | stage=run_total | categories=24 | seconds=101.911
SCRAPING TIMING | stage=category_discovery | categories=24 | seconds=2.012
SCRAPING TIMING | stage=run_start | categories=24
SCRAPING TIMING | category=Articulos De Oficina | products=12 | seconds=9.510
SCRAPING TIMING | category=Articulos De Antiestres | products=25 | seconds=15.933
SCRAPING TIMING | category=Articulos De Escritorio | products=25 | seconds=21.374
SCRAPING TIMING | category=Articulos De Playa | products=5 | seconds=13.013
SCRAPING TIMING | category=Bolsas Mochilas | products=3 | seconds=6.277
SCRAPING TIMING | category=Articulos Personales | products=17 | seconds=15.331
SCRAPING TIMING | category=Cocina Mesa Y Hogar | products=18 | seconds=13.146
SCRAPING TIMING | category=Enmicadoras Laminadoras | products=9 | seconds=10.264
SCRAPING TIMING | category=Estuches | products=8 | seconds=8.064
SCRAPING TIMING | category=Impresoras Y Consumible Fotograficas Termicas | products=14 | seconds=10.971
SCRAPING TIMING | category=Insumos De Sublimacion | products=25 | seconds=16.841
SCRAPING TIMING | category=Jarros Mug | products=19 | seconds=19.782
SCRAPING TIMING | category=Kits De Herramientas | products=2 | seconds=12.394
SCRAPING TIMING | category=Lapiceros Ecologicos | products=4 | seconds=5.018
SCRAPING TIMING | category=Lapiceros Metalicos | products=10 | seconds=7.690
SCRAPING TIMING | category=Llaveros Y Accesorios | products=25 | seconds=12.577
SCRAPING TIMING | category=Maquinas De Sublimacion | products=25 | seconds=17.497
SCRAPING TIMING | category=Micas Para Enmicados | products=25 | seconds=16.298
SCRAPING TIMING | category=Papeleria Grafipapel | products=23 | seconds=20.514
SCRAPING TIMING | category=Papeles Fotograficos Koala Paper | products=25 | seconds=19.599
SCRAPING TIMING | category=Plotters De Corte | products=15 | seconds=17.400
SCRAPING TIMING | category=Porta Tacos Post It | products=15 | seconds=11.234
SCRAPING TIMING | category=Resaltadores Publicitarios | products=21 | seconds=13.370
SCRAPING TIMING | category=Tecnologia Y Accesorios | products=13 | seconds=12.279
SCRAPING TIMING | stage=category_extraction | categories=24 | products=383 | seconds=112.797
SCRAPING TIMING | stage=detail_cache | requests=366 | cache_hits=17 | cache_size=366
SCRAPING TIMING | stage=consolidation | products=357 | seconds=0.000
SCRAPING TIMING | stage=images | products=357 | seconds=0.611
SCRAPING TIMING | stage=mapping | products=357 | seconds=0.006
SCRAPING TIMING | stage=catalog_sync | products=357 | seconds=0.008
SCRAPING TIMING | stage=sync_total | products=357 | seconds=0.628
SCRAPING TIMING | stage=run_total | categories=24 | seconds=113.427
SCRAPING TIMING | category=Jarros | products=1 | seconds=0.000
SCRAPING TIMING | category=Promocionales | products=1 | seconds=0.000
SCRAPING TIMING | stage=category_extraction | categories=2 | products=2 | seconds=0.006
SCRAPING TIMING | stage=consolidation | products=1 | seconds=0.000
SCRAPING TIMING | stage=images | products=1 | seconds=0.000
SCRAPING TIMING | stage=mapping | products=1 | seconds=0.000
SCRAPING TIMING | stage=catalog_sync | products=1 | seconds=0.000
SCRAPING TIMING | stage=sync_total | products=1 | seconds=0.004
SCRAPING TIMING | category=categoria | products=2 | seconds=0.000
SCRAPING TIMING | stage=persistence | products=2 | seconds=0.000
SCRAPING TIMING | stage=sync_total | products=2 | seconds=0.000
SCRAPING TIMING | stage=run_start | categories=2
SCRAPING TIMING | stage=run_total | categories=2 | seconds=0.001
SCRAPING TIMING | category=Jarros | products=1 | seconds=0.000
SCRAPING TIMING | category=Promocionales | products=1 | seconds=0.000
SCRAPING TIMING | stage=category_extraction | categories=2 | products=2 | seconds=0.007
SCRAPING TIMING | stage=consolidation | products=1 | seconds=0.000
SCRAPING TIMING | stage=images | products=1 | seconds=0.000
SCRAPING TIMING | stage=mapping | products=1 | seconds=0.000
SCRAPING TIMING | stage=catalog_sync | products=1 | seconds=0.000
SCRAPING TIMING | stage=sync_total | products=1 | seconds=0.005
SCRAPING TIMING | category=categoria | products=2 | seconds=0.000
SCRAPING TIMING | stage=persistence | products=2 | seconds=0.000
SCRAPING TIMING | stage=sync_total | products=2 | seconds=0.000
SCRAPING TIMING | stage=run_start | categories=2
SCRAPING TIMING | stage=run_total | categories=2 | seconds=0.002
SCRAPING TIMING | category=Jarros | products=1 | seconds=0.000
SCRAPING TIMING | category=Promocionales | products=1 | seconds=0.000
SCRAPING TIMING | stage=category_extraction | categories=2 | products=2 | seconds=0.003
SCRAPING TIMING | stage=consolidation | products=1 | seconds=0.000
SCRAPING TIMING | stage=images | products=1 | seconds=0.000
SCRAPING TIMING | stage=mapping | products=1 | seconds=0.000
SCRAPING TIMING | stage=catalog_sync | products=1 | seconds=0.000
SCRAPING TIMING | stage=sync_total | products=1 | seconds=0.002
SCRAPING TIMING | category=categoria | products=2 | seconds=0.000
SCRAPING TIMING | stage=persistence | products=2 | seconds=0.000
SCRAPING TIMING | stage=sync_total | products=2 | seconds=0.000
SCRAPING TIMING | stage=run_start | categories=2
SCRAPING TIMING | stage=run_total | categories=2 | seconds=0.001
SCRAPING TIMING | category=Jarros | products=1 | seconds=0.000
SCRAPING TIMING | category=Promocionales | products=1 | seconds=0.000
SCRAPING TIMING | stage=category_extraction | categories=2 | products=2 | seconds=0.002
SCRAPING TIMING | stage=consolidation | products=1 | seconds=0.000
SCRAPING TIMING | stage=images | products=1 | seconds=0.000
SCRAPING TIMING | stage=mapping | products=1 | seconds=0.000
SCRAPING TIMING | stage=catalog_sync | products=1 | seconds=0.000
SCRAPING TIMING | stage=sync_total | products=1 | seconds=0.002
SCRAPING TIMING | category=categoria | products=2 | seconds=0.000
SCRAPING TIMING | stage=persistence | products=2 | seconds=0.000
SCRAPING TIMING | stage=sync_total | products=2 | seconds=0.000
SCRAPING TIMING | stage=run_start | categories=2
SCRAPING TIMING | stage=run_total | categories=2 | seconds=0.001
SCRAPING TIMING | stage=category_discovery | categories=24 | seconds=2.096
SCRAPING TIMING | stage=run_start | categories=24
SCRAPING TIMING | category=Articulos De Oficina | products=12 | seconds=9.297
SCRAPING TIMING | category=Articulos De Antiestres | products=25 | seconds=14.496
SCRAPING TIMING | category=Articulos De Escritorio | products=25 | seconds=19.896
SCRAPING TIMING | category=Articulos De Playa | products=5 | seconds=10.923
SCRAPING TIMING | category=Articulos Personales | products=17 | seconds=13.045
SCRAPING TIMING | category=Bolsas Mochilas | products=3 | seconds=8.190
SCRAPING TIMING | category=Cocina Mesa Y Hogar | products=18 | seconds=12.506
SCRAPING TIMING | category=Enmicadoras Laminadoras | products=9 | seconds=8.187
SCRAPING TIMING | category=Estuches | products=8 | seconds=8.742
SCRAPING TIMING | category=Impresoras Y Consumible Fotograficas Termicas | products=14 | seconds=9.626
SCRAPING TIMING | category=Kits De Herramientas | products=2 | seconds=3.905
SCRAPING TIMING | category=Jarros Mug | products=19 | seconds=12.785
SCRAPING TIMING | category=Insumos De Sublimacion | products=25 | seconds=19.233
SCRAPING TIMING | category=Lapiceros Ecologicos | products=4 | seconds=8.903
SCRAPING TIMING | category=Lapiceros Metalicos | products=10 | seconds=8.051
SCRAPING TIMING | category=Llaveros Y Accesorios | products=25 | seconds=12.455
SCRAPING TIMING | category=Maquinas De Sublimacion | products=25 | seconds=17.726
SCRAPING TIMING | category=Micas Para Enmicados | products=25 | seconds=19.948
SCRAPING TIMING | category=Papeleria Grafipapel | products=23 | seconds=14.464
SCRAPING TIMING | category=Papeles Fotograficos Koala Paper | products=25 | seconds=15.077
SCRAPING TIMING | category=Plotters De Corte | products=15 | seconds=13.623
SCRAPING TIMING | category=Porta Tacos Post It | products=15 | seconds=14.978
SCRAPING TIMING | category=Resaltadores Publicitarios | products=21 | seconds=16.172
SCRAPING TIMING | category=Tecnologia Y Accesorios | products=13 | seconds=15.692
SCRAPING TIMING | stage=category_extraction | categories=24 | products=383 | seconds=107.027
SCRAPING TIMING | stage=detail_cache | requests=366 | cache_hits=17 | cache_size=366
SCRAPING TIMING | stage=http | requests=390 | successes=390 | errors=0 | retries=0 | detail_requests=366 | category_requests=24 | other_requests=0 | max_concurrency=10 | http_seconds=785.549 | slowest_request=10.433
SCRAPING TIMING | stage=consolidation | products=357 | seconds=0.000
SCRAPING TIMING | stage=images | products=357 | seconds=0.674
SCRAPING TIMING | stage=mapping | products=357 | seconds=0.006
SCRAPING TIMING | stage=catalog_sync | products=357 | seconds=0.010
SCRAPING TIMING | stage=sync_total | products=357 | seconds=0.692
SCRAPING TIMING | stage=run_total | categories=24 | seconds=107.723
SCRAPING TIMING | category=Jarros | products=1 | seconds=0.000
SCRAPING TIMING | category=Promocionales | products=1 | seconds=0.000
SCRAPING TIMING | stage=category_extraction | categories=2 | products=2 | seconds=0.003
SCRAPING TIMING | stage=consolidation | products=1 | seconds=0.000
SCRAPING TIMING | stage=images | products=1 | seconds=0.000
SCRAPING TIMING | stage=mapping | products=1 | seconds=0.000
SCRAPING TIMING | stage=catalog_sync | products=1 | seconds=0.000
SCRAPING TIMING | stage=sync_total | products=1 | seconds=0.002
SCRAPING TIMING | category=categoria | products=2 | seconds=0.000
SCRAPING TIMING | stage=persistence | products=2 | seconds=0.000
SCRAPING TIMING | stage=sync_total | products=2 | seconds=0.000
SCRAPING TIMING | stage=run_start | categories=2
SCRAPING TIMING | stage=run_total | categories=2 | seconds=0.001
SCRAPING TIMING | stage=category_discovery | categories=24 | seconds=2.051
SCRAPING TIMING | stage=run_start | categories=24
SCRAPING TIMING | category=Articulos De Oficina | products=12 | seconds=9.940
SCRAPING TIMING | category=Articulos De Escritorio | products=25 | seconds=17.443
SCRAPING TIMING | category=Articulos De Antiestres | products=25 | seconds=22.554
SCRAPING TIMING | category=Articulos De Playa | products=5 | seconds=12.891
SCRAPING TIMING | category=Articulos Personales | products=17 | seconds=12.060
SCRAPING TIMING | category=Bolsas Mochilas | products=3 | seconds=7.168
SCRAPING TIMING | category=Cocina Mesa Y Hogar | products=18 | seconds=10.307
SCRAPING TIMING | category=Enmicadoras Laminadoras | products=9 | seconds=6.904
SCRAPING TIMING | category=Estuches | products=8 | seconds=7.959
SCRAPING TIMING | category=Impresoras Y Consumible Fotograficas Termicas | products=14 | seconds=9.664
SCRAPING TIMING | category=Kits De Herramientas | products=2 | seconds=3.884
SCRAPING TIMING | category=Jarros Mug | products=19 | seconds=14.394
SCRAPING TIMING | category=Insumos De Sublimacion | products=25 | seconds=21.043
SCRAPING TIMING | category=Lapiceros Ecologicos | products=4 | seconds=11.198
SCRAPING TIMING | category=Lapiceros Metalicos | products=10 | seconds=8.879
SCRAPING TIMING | category=Llaveros Y Accesorios | products=25 | seconds=13.639
SCRAPING TIMING | category=Maquinas De Sublimacion | products=25 | seconds=18.672
SCRAPING TIMING | category=Micas Para Enmicados | products=25 | seconds=20.431
SCRAPING TIMING | category=Papeleria Grafipapel | products=23 | seconds=15.137
SCRAPING TIMING | category=Papeles Fotograficos Koala Paper | products=25 | seconds=14.540
SCRAPING TIMING | category=Plotters De Corte | products=15 | seconds=12.509
SCRAPING TIMING | category=Porta Tacos Post It | products=15 | seconds=10.982
SCRAPING TIMING | category=Resaltadores Publicitarios | products=21 | seconds=12.504
SCRAPING TIMING | category=Tecnologia Y Accesorios | products=13 | seconds=11.693
SCRAPING TIMING | stage=category_extraction | categories=24 | products=383 | seconds=105.709
SCRAPING TIMING | stage=detail_cache | requests=366 | cache_hits=17 | cache_size=366
SCRAPING TIMING | stage=http | requests=390 | successes=390 | errors=0 | retries=0 | detail_requests=366 | category_requests=24 | other_requests=0 | max_concurrency=10 | http_seconds=775.553 | slowest_request=11.748
SCRAPING TIMING | stage=http_latency | lt_0_5=0 | 0_5_1=0 | 1_2=313 | 2_5=62 | 5_10=14 | gte_10=1
SCRAPING TIMING | stage=http_slowest | rank=1 | seconds=11.748 | url=https://stock.importacionesfacundo.com/categoria-producto/articulos-de-antiestres/
SCRAPING TIMING | stage=http_slowest | rank=2 | seconds=9.988 | url=https://stock.importacionesfacundo.com/categoria-producto/articulos-de-escritorio/
SCRAPING TIMING | stage=http_slowest | rank=3 | seconds=9.162 | url=https://stock.importacionesfacundo.com/categoria-producto/insumos-de-sublimacion/
SCRAPING TIMING | stage=http_slowest | rank=4 | seconds=8.767 | url=https://stock.importacionesfacundo.com/categoria-producto/papeles-fotograficos-koala-paper/
SCRAPING TIMING | stage=http_slowest | rank=5 | seconds=8.410 | url=https://stock.importacionesfacundo.com/categoria-producto/papeleria-grafipapel/
SCRAPING TIMING | stage=http_slowest | rank=6 | seconds=8.095 | url=https://stock.importacionesfacundo.com/categoria-producto/llaveros-y-accesorios/
SCRAPING TIMING | stage=http_slowest | rank=7 | seconds=7.945 | url=https://stock.importacionesfacundo.com/categoria-producto/maquinas-de-sublimacion/
SCRAPING TIMING | stage=http_slowest | rank=8 | seconds=7.649 | url=https://stock.importacionesfacundo.com/categoria-producto/jarros-mug/
SCRAPING TIMING | stage=http_slowest | rank=9 | seconds=7.543 | url=https://stock.importacionesfacundo.com/categoria-producto/micas-para-enmicados/
SCRAPING TIMING | stage=http_slowest | rank=10 | seconds=7.457 | url=https://stock.importacionesfacundo.com/categoria-producto/articulos-personales/
SCRAPING TIMING | stage=consolidation | products=357 | seconds=0.000
SCRAPING TIMING | stage=images | products=357 | seconds=0.645
SCRAPING TIMING | stage=mapping | products=357 | seconds=0.005
SCRAPING TIMING | stage=catalog_sync | products=357 | seconds=0.009
SCRAPING TIMING | stage=sync_total | products=357 | seconds=0.662
SCRAPING TIMING | stage=run_total | categories=24 | seconds=106.379
SCRAPING TIMING | category=Jarros | products=1 | seconds=0.000
SCRAPING TIMING | category=Promocionales | products=1 | seconds=0.000
SCRAPING TIMING | stage=category_extraction | categories=2 | products=2 | seconds=0.003
SCRAPING TIMING | stage=consolidation | products=1 | seconds=0.000
SCRAPING TIMING | stage=images | products=1 | seconds=0.000
SCRAPING TIMING | stage=mapping | products=1 | seconds=0.000
SCRAPING TIMING | stage=catalog_sync | products=1 | seconds=0.000
SCRAPING TIMING | stage=sync_total | products=1 | seconds=0.002
SCRAPING TIMING | category=categoria | products=2 | seconds=0.000
SCRAPING TIMING | stage=persistence | products=2 | seconds=0.000
SCRAPING TIMING | stage=sync_total | products=2 | seconds=0.000
SCRAPING TIMING | stage=run_start | categories=2
SCRAPING TIMING | stage=run_total | categories=2 | seconds=0.001
SCRAPING TIMING | stage=category_discovery | categories=24 | seconds=2.158
SCRAPING TIMING | stage=run_start | categories=24
SCRAPING TIMING | category=Articulos De Playa | products=5 | seconds=8.204
SCRAPING TIMING | category=Articulos De Oficina | products=12 | seconds=11.684
SCRAPING TIMING | category=Bolsas Mochilas | products=3 | seconds=12.309
SCRAPING TIMING | category=Articulos Personales | products=17 | seconds=17.504
SCRAPING TIMING | category=Articulos De Antiestres | products=25 | seconds=22.338
SCRAPING TIMING | category=Articulos De Escritorio | products=25 | seconds=28.115
SCRAPING TIMING | category=Cocina Mesa Y Hogar | products=18 | seconds=23.230
SCRAPING TIMING | category=Enmicadoras Laminadoras | products=9 | seconds=21.634
SCRAPING TIMING | category=Estuches | products=8 | seconds=22.332
SCRAPING TIMING | category=Impresoras Y Consumible Fotograficas Termicas | products=14 | seconds=20.560
SCRAPING TIMING | category=Insumos De Sublimacion | products=25 | seconds=20.362
SCRAPING TIMING | category=Kits De Herramientas | products=2 | seconds=11.625
SCRAPING TIMING | category=Jarros Mug | products=19 | seconds=19.255
SCRAPING TIMING | category=Lapiceros Ecologicos | products=4 | seconds=14.843
SCRAPING TIMING | category=Lapiceros Metalicos | products=10 | seconds=15.757
SCRAPING TIMING | category=Llaveros Y Accesorios | products=25 | seconds=16.475
SCRAPING TIMING | category=Micas Para Enmicados | products=25 | seconds=16.465
SCRAPING TIMING | category=Maquinas De Sublimacion | products=25 | seconds=22.336
SCRAPING TIMING | category=Papeleria Grafipapel | products=23 | seconds=22.224
SCRAPING TIMING | category=Papeles Fotograficos Koala Paper | products=25 | seconds=27.027
SCRAPING TIMING | category=Plotters De Corte | products=15 | seconds=27.689
SCRAPING TIMING | category=Porta Tacos Post It | products=15 | seconds=26.357
SCRAPING TIMING | category=Resaltadores Publicitarios | products=21 | seconds=25.232
SCRAPING TIMING | category=Tecnologia Y Accesorios | products=13 | seconds=21.948
SCRAPING TIMING | stage=category_extraction | categories=24 | products=383 | seconds=87.064
SCRAPING TIMING | stage=detail_cache | requests=366 | cache_hits=17 | cache_size=366
SCRAPING TIMING | stage=http | requests=390 | successes=390 | errors=0 | retries=0 | detail_requests=366 | category_requests=24 | other_requests=0 | max_concurrency=13 | http_seconds=798.654 | slowest_request=9.790
SCRAPING TIMING | stage=http_latency | lt_0_5=0 | 0_5_1=0 | 1_2=292 | 2_5=78 | 5_10=20 | gte_10=0
SCRAPING TIMING | stage=http_slowest | rank=1 | seconds=9.790 | url=https://stock.importacionesfacundo.com/categoria-producto/insumos-de-sublimacion/
SCRAPING TIMING | stage=http_slowest | rank=2 | seconds=9.742 | url=https://stock.importacionesfacundo.com/categoria-producto/articulos-de-escritorio/
SCRAPING TIMING | stage=http_slowest | rank=3 | seconds=9.391 | url=https://stock.importacionesfacundo.com/categoria-producto/articulos-de-antiestres/
SCRAPING TIMING | stage=http_slowest | rank=4 | seconds=8.732 | url=https://stock.importacionesfacundo.com/categoria-producto/cocina-mesa-y-hogar/
SCRAPING TIMING | stage=http_slowest | rank=5 | seconds=8.660 | url=https://stock.importacionesfacundo.com/categoria-producto/maquinas-de-sublimacion/
SCRAPING TIMING | stage=http_slowest | rank=6 | seconds=8.422 | url=https://stock.importacionesfacundo.com/categoria-producto/jarros-mug/
SCRAPING TIMING | stage=http_slowest | rank=7 | seconds=8.241 | url=https://stock.importacionesfacundo.com/categoria-producto/articulos-personales/
SCRAPING TIMING | stage=http_slowest | rank=8 | seconds=8.113 | url=https://stock.importacionesfacundo.com/categoria-producto/papeleria-grafipapel/
SCRAPING TIMING | stage=http_slowest | rank=9 | seconds=7.947 | url=https://stock.importacionesfacundo.com/categoria-producto/llaveros-y-accesorios/
SCRAPING TIMING | stage=http_slowest | rank=10 | seconds=7.906 | url=https://stock.importacionesfacundo.com/categoria-producto/resaltadores-publicitarios/
SCRAPING TIMING | stage=consolidation | products=357 | seconds=0.000
SCRAPING TIMING | stage=images | products=357 | seconds=0.615
SCRAPING TIMING | stage=mapping | products=357 | seconds=0.008
SCRAPING TIMING | stage=catalog_sync | products=357 | seconds=0.014
SCRAPING TIMING | stage=sync_total | products=357 | seconds=0.640
SCRAPING TIMING | stage=run_total | categories=24 | seconds=87.713
SCRAPING TIMING | category=Jarros | products=1 | seconds=0.000
SCRAPING TIMING | category=Promocionales | products=1 | seconds=0.000
SCRAPING TIMING | stage=category_extraction | categories=2 | products=2 | seconds=0.003
SCRAPING TIMING | stage=consolidation | products=1 | seconds=0.000
SCRAPING TIMING | stage=images | products=1 | seconds=0.000
SCRAPING TIMING | stage=mapping | products=1 | seconds=0.000
SCRAPING TIMING | stage=catalog_sync | products=1 | seconds=0.000
SCRAPING TIMING | stage=sync_total | products=1 | seconds=0.002
SCRAPING TIMING | category=categoria | products=2 | seconds=0.000
SCRAPING TIMING | stage=persistence | products=2 | seconds=0.000
SCRAPING TIMING | stage=sync_total | products=2 | seconds=0.000
SCRAPING TIMING | stage=run_start | categories=2
SCRAPING TIMING | stage=run_total | categories=2 | seconds=0.001
SCRAPING TIMING | category=Jarros | products=1 | seconds=0.000
SCRAPING TIMING | category=Promocionales | products=1 | seconds=0.000
SCRAPING TIMING | stage=category_extraction | categories=2 | products=2 | seconds=0.002
SCRAPING TIMING | stage=consolidation | products=1 | seconds=0.000
SCRAPING TIMING | stage=images | products=1 | seconds=0.000
SCRAPING TIMING | stage=mapping | products=1 | seconds=0.000
SCRAPING TIMING | stage=catalog_sync | products=1 | seconds=0.000
SCRAPING TIMING | stage=sync_total | products=1 | seconds=0.001
SCRAPING TIMING | category=categoria | products=2 | seconds=0.000
SCRAPING TIMING | stage=persistence | products=2 | seconds=0.000
SCRAPING TIMING | stage=sync_total | products=2 | seconds=0.000
SCRAPING TIMING | stage=run_start | categories=2
SCRAPING TIMING | stage=run_total | categories=2 | seconds=0.000
SCRAPING TIMING | category=Jarros | products=1 | seconds=0.000
SCRAPING TIMING | category=Promocionales | products=1 | seconds=0.000
SCRAPING TIMING | stage=category_extraction | categories=2 | products=2 | seconds=0.002
SCRAPING TIMING | stage=consolidation | products=1 | seconds=0.000
SCRAPING TIMING | stage=images | products=1 | seconds=0.000
SCRAPING TIMING | stage=mapping | products=1 | seconds=0.000
SCRAPING TIMING | stage=catalog_sync | products=1 | seconds=0.000
SCRAPING TIMING | stage=sync_total | products=1 | seconds=0.001
SCRAPING TIMING | category=categoria | products=2 | seconds=0.000
SCRAPING TIMING | stage=persistence | products=2 | seconds=0.000
SCRAPING TIMING | stage=sync_total | products=2 | seconds=0.000
SCRAPING TIMING | stage=run_start | categories=2
SCRAPING TIMING | stage=run_total | categories=2 | seconds=0.001
SCRAPING TIMING | stage=category_discovery | categories=24 | seconds=2.064
SCRAPING TIMING | stage=run_start | categories=24
SCRAPING TIMING | category=Bolsas Mochilas | products=3 | seconds=5.109
SCRAPING TIMING | category=Articulos De Playa | products=5 | seconds=6.715
SCRAPING TIMING | category=Articulos De Oficina | products=12 | seconds=11.328
SCRAPING TIMING | category=Articulos Personales | products=17 | seconds=15.143
SCRAPING TIMING | category=Articulos De Escritorio | products=25 | seconds=21.025
SCRAPING TIMING | category=Articulos De Antiestres | products=25 | seconds=25.756
SCRAPING TIMING | category=Cocina Mesa Y Hogar | products=18 | seconds=24.089
SCRAPING TIMING | category=Enmicadoras Laminadoras | products=9 | seconds=24.597
SCRAPING TIMING | category=Estuches | products=8 | seconds=22.045
SCRAPING TIMING | category=Impresoras Y Consumible Fotograficas Termicas | products=14 | seconds=21.079
SCRAPING TIMING | category=Insumos De Sublimacion | products=25 | seconds=20.309
SCRAPING TIMING | category=Kits De Herramientas | products=2 | seconds=12.350
SCRAPING TIMING | category=Jarros Mug | products=19 | seconds=21.812
SCRAPING TIMING | category=Lapiceros Ecologicos | products=4 | seconds=17.741
SCRAPING TIMING | category=Lapiceros Metalicos | products=10 | seconds=18.827
SCRAPING TIMING | category=Llaveros Y Accesorios | products=25 | seconds=20.316
SCRAPING TIMING | category=Micas Para Enmicados | products=25 | seconds=20.558
SCRAPING TIMING | category=Maquinas De Sublimacion | products=25 | seconds=26.216
SCRAPING TIMING | category=Papeleria Grafipapel | products=23 | seconds=24.337
SCRAPING TIMING | category=Plotters De Corte | products=15 | seconds=22.461
SCRAPING TIMING | category=Papeles Fotograficos Koala Paper | products=25 | seconds=29.841
SCRAPING TIMING | category=Porta Tacos Post It | products=15 | seconds=25.109
SCRAPING TIMING | category=Resaltadores Publicitarios | products=21 | seconds=23.002
SCRAPING TIMING | category=Tecnologia Y Accesorios | products=13 | seconds=19.906
SCRAPING TIMING | stage=category_extraction | categories=24 | products=383 | seconds=87.467
SCRAPING TIMING | stage=detail_cache | requests=366 | cache_hits=17 | cache_size=366
SCRAPING TIMING | stage=http | requests=390 | successes=390 | errors=0 | retries=0 | detail_requests=366 | category_requests=24 | other_requests=0 | max_concurrency=13 | http_seconds=826.575 | slowest_request=12.569
SCRAPING TIMING | stage=http_latency | lt_0_5=0 | 0_5_1=0 | 1_2=280 | 2_5=91 | 5_10=13 | gte_10=6
SCRAPING TIMING | stage=http_slowest | rank=1 | seconds=12.569 | url=https://stock.importacionesfacundo.com/categoria-producto/maquinas-de-sublimacion/
SCRAPING TIMING | stage=http_slowest | rank=2 | seconds=11.669 | url=https://stock.importacionesfacundo.com/categoria-producto/micas-para-enmicados/
SCRAPING TIMING | stage=http_slowest | rank=3 | seconds=10.363 | url=https://stock.importacionesfacundo.com/categoria-producto/papeleria-grafipapel/
SCRAPING TIMING | stage=http_slowest | rank=4 | seconds=10.261 | url=https://stock.importacionesfacundo.com/categoria-producto/llaveros-y-accesorios/
SCRAPING TIMING | stage=http_slowest | rank=5 | seconds=10.226 | url=https://stock.importacionesfacundo.com/categoria-producto/papeles-fotograficos-koala-paper/
SCRAPING TIMING | stage=http_slowest | rank=6 | seconds=10.096 | url=https://stock.importacionesfacundo.com/categoria-producto/articulos-de-antiestres/
SCRAPING TIMING | stage=http_slowest | rank=7 | seconds=9.996 | url=https://stock.importacionesfacundo.com/categoria-producto/insumos-de-sublimacion/
SCRAPING TIMING | stage=http_slowest | rank=8 | seconds=9.178 | url=https://stock.importacionesfacundo.com/categoria-producto/articulos-de-escritorio/
SCRAPING TIMING | stage=http_slowest | rank=9 | seconds=8.569 | url=https://stock.importacionesfacundo.com/categoria-producto/resaltadores-publicitarios/
SCRAPING TIMING | stage=http_slowest | rank=10 | seconds=8.162 | url=https://stock.importacionesfacundo.com/categoria-producto/articulos-personales/
SCRAPING TIMING | stage=consolidation | products=357 | seconds=0.000
SCRAPING TIMING | stage=images | products=357 | seconds=0.375
SCRAPING TIMING | stage=mapping | products=357 | seconds=0.003
SCRAPING TIMING | stage=catalog_sync | products=357 | seconds=0.006
SCRAPING TIMING | stage=sync_total | products=357 | seconds=0.386
SCRAPING TIMING | stage=run_total | categories=24 | seconds=87.859
SCRAPING TIMING | category=Jarros | products=1 | seconds=0.000
SCRAPING TIMING | category=Promocionales | products=1 | seconds=0.000
SCRAPING TIMING | stage=category_extraction | categories=2 | products=2 | seconds=0.002
SCRAPING TIMING | stage=consolidation | products=1 | seconds=0.000
SCRAPING TIMING | stage=images | products=1 | seconds=0.000
SCRAPING TIMING | stage=mapping | products=1 | seconds=0.000
SCRAPING TIMING | stage=catalog_sync | products=1 | seconds=0.000
SCRAPING TIMING | stage=sync_total | products=1 | seconds=0.001
SCRAPING TIMING | category=categoria | products=2 | seconds=0.000
SCRAPING TIMING | stage=persistence | products=2 | seconds=0.000
SCRAPING TIMING | stage=sync_total | products=2 | seconds=0.000
SCRAPING TIMING | stage=run_start | categories=2
SCRAPING TIMING | stage=run_total | categories=2 | seconds=0.001
SCRAPING TIMING | category=Jarros | products=1 | seconds=0.000
SCRAPING TIMING | category=Promocionales | products=1 | seconds=0.000
SCRAPING TIMING | stage=category_extraction | categories=2 | products=2 | seconds=0.005
SCRAPING TIMING | stage=consolidation | products=1 | seconds=0.000
SCRAPING TIMING | stage=images | products=1 | seconds=0.000
SCRAPING TIMING | stage=mapping | products=1 | seconds=0.000
SCRAPING TIMING | stage=catalog_sync | products=1 | seconds=0.001
SCRAPING TIMING | stage=sync_total | products=1 | seconds=0.006
SCRAPING TIMING | category=categoria | products=2 | seconds=0.000
SCRAPING TIMING | stage=persistence | products=2 | seconds=0.000
SCRAPING TIMING | stage=sync_total | products=2 | seconds=0.000
SCRAPING TIMING | stage=run_start | categories=2
SCRAPING TIMING | stage=run_total | categories=2 | seconds=0.002
SCRAPING TIMING | stage=category_discovery | categories=24 | seconds=2.249
SCRAPING TIMING | stage=run_start | categories=24
SCRAPING TIMING | category=Articulos De Playa | products=5 | seconds=7.458
SCRAPING TIMING | category=Articulos De Oficina | products=12 | seconds=11.487
SCRAPING TIMING | category=Bolsas Mochilas | products=3 | seconds=12.690
SCRAPING TIMING | category=Articulos Personales | products=17 | seconds=16.779
SCRAPING TIMING | category=Articulos De Antiestres | products=25 | seconds=21.669
SCRAPING TIMING | category=Articulos De Escritorio | products=25 | seconds=26.582
SCRAPING TIMING | category=Cocina Mesa Y Hogar | products=18 | seconds=22.850
SCRAPING TIMING | category=Enmicadoras Laminadoras | products=9 | seconds=21.167
SCRAPING TIMING | category=Estuches | products=8 | seconds=21.528
SCRAPING TIMING | category=Impresoras Y Consumible Fotograficas Termicas | products=14 | seconds=20.326
SCRAPING TIMING | category=Kits De Herramientas | products=2 | seconds=13.929
SCRAPING TIMING | category=Insumos De Sublimacion | products=25 | seconds=22.789
SCRAPING TIMING | category=Lapiceros Ecologicos | products=4 | seconds=14.475
SCRAPING TIMING | category=Jarros Mug | products=19 | seconds=24.697
SCRAPING TIMING | category=Lapiceros Metalicos | products=10 | seconds=19.676
SCRAPING TIMING | category=Llaveros Y Accesorios | products=25 | seconds=21.407
SCRAPING TIMING | category=Maquinas De Sublimacion | products=25 | seconds=20.944
SCRAPING TIMING | category=Micas Para Enmicados | products=25 | seconds=25.530
SCRAPING TIMING | category=Papeleria Grafipapel | products=23 | seconds=27.992
SCRAPING TIMING | category=Plotters De Corte | products=15 | seconds=24.036
SCRAPING TIMING | category=Papeles Fotograficos Koala Paper | products=25 | seconds=30.904
SCRAPING TIMING | category=Porta Tacos Post It | products=15 | seconds=26.459
SCRAPING TIMING | category=Resaltadores Publicitarios | products=21 | seconds=23.351
SCRAPING TIMING | category=Tecnologia Y Accesorios | products=13 | seconds=20.719
SCRAPING TIMING | stage=category_extraction | categories=24 | products=383 | seconds=90.716
SCRAPING TIMING | stage=detail_cache | requests=366 | cache_hits=17 | cache_size=366
SCRAPING TIMING | stage=http | requests=390 | successes=390 | errors=0 | retries=0 | detail_requests=366 | category_requests=24 | other_requests=0 | max_concurrency=12 | http_seconds=851.909 | slowest_request=12.232
SCRAPING TIMING | stage=http_latency | lt_0_5=0 | 0_5_1=0 | 1_2=258 | 2_5=111 | 5_10=17 | gte_10=4
SCRAPING TIMING | stage=http_slowest | rank=1 | seconds=12.232 | url=https://stock.importacionesfacundo.com/categoria-producto/articulos-de-escritorio/
SCRAPING TIMING | stage=http_slowest | rank=2 | seconds=11.484 | url=https://stock.importacionesfacundo.com/categoria-producto/llaveros-y-accesorios/
SCRAPING TIMING | stage=http_slowest | rank=3 | seconds=10.742 | url=https://stock.importacionesfacundo.com/categoria-producto/articulos-de-antiestres/
SCRAPING TIMING | stage=http_slowest | rank=4 | seconds=10.405 | url=https://stock.importacionesfacundo.com/categoria-producto/papeles-fotograficos-koala-paper/
SCRAPING TIMING | stage=http_slowest | rank=5 | seconds=9.978 | url=https://stock.importacionesfacundo.com/categoria-producto/papeleria-grafipapel/
SCRAPING TIMING | stage=http_slowest | rank=6 | seconds=9.771 | url=https://stock.importacionesfacundo.com/categoria-producto/insumos-de-sublimacion/
SCRAPING TIMING | stage=http_slowest | rank=7 | seconds=9.463 | url=https://stock.importacionesfacundo.com/categoria-producto/micas-para-enmicados/
SCRAPING TIMING | stage=http_slowest | rank=8 | seconds=9.437 | url=https://stock.importacionesfacundo.com/categoria-producto/articulos-personales/
SCRAPING TIMING | stage=http_slowest | rank=9 | seconds=9.427 | url=https://stock.importacionesfacundo.com/categoria-producto/jarros-mug/
SCRAPING TIMING | stage=http_slowest | rank=10 | seconds=8.901 | url=https://stock.importacionesfacundo.com/categoria-producto/maquinas-de-sublimacion/
SCRAPING TIMING | stage=consolidation | products=357 | seconds=0.000
SCRAPING TIMING | stage=images | products=357 | seconds=0.366
SCRAPING TIMING | stage=mapping | products=357 | seconds=0.004
SCRAPING TIMING | stage=catalog_sync | products=357 | seconds=0.006
SCRAPING TIMING | stage=sync_total | products=357 | seconds=0.377
SCRAPING TIMING | stage=run_total | categories=24 | seconds=91.097
SCRAPING TIMING | category=Jarros | products=1 | seconds=0.000
SCRAPING TIMING | category=Promocionales | products=1 | seconds=0.000
SCRAPING TIMING | stage=category_extraction | categories=2 | products=2 | seconds=0.003
SCRAPING TIMING | stage=consolidation | products=1 | seconds=0.000
SCRAPING TIMING | stage=images | products=1 | seconds=0.000
SCRAPING TIMING | stage=mapping | products=1 | seconds=0.000
SCRAPING TIMING | stage=catalog_sync | products=1 | seconds=0.000
SCRAPING TIMING | stage=sync_total | products=1 | seconds=0.002
SCRAPING TIMING | category=categoria | products=2 | seconds=0.000
SCRAPING TIMING | stage=persistence | products=2 | seconds=0.000
SCRAPING TIMING | stage=sync_total | products=2 | seconds=0.000
SCRAPING TIMING | stage=run_start | categories=2
SCRAPING TIMING | stage=run_total | categories=2 | seconds=0.001
SCRAPING TIMING | stage=category_discovery | categories=24 | seconds=2.271
SCRAPING TIMING | stage=run_start | categories=24
SCRAPING TIMING | category=Bolsas Mochilas | products=3 | seconds=5.148
SCRAPING TIMING | category=Articulos De Playa | products=5 | seconds=7.236
SCRAPING TIMING | category=Enmicadoras Laminadoras | products=9 | seconds=10.542
SCRAPING TIMING | category=Articulos De Oficina | products=12 | seconds=17.106
SCRAPING TIMING | category=Cocina Mesa Y Hogar | products=18 | seconds=20.215
SCRAPING TIMING | category=Articulos Personales | products=17 | seconds=24.784
SCRAPING TIMING | category=Articulos De Escritorio | products=25 | seconds=31.005
SCRAPING TIMING | category=Estuches | products=8 | seconds=27.036
SCRAPING TIMING | category=Articulos De Antiestres | products=25 | seconds=37.621
SCRAPING TIMING | category=Impresoras Y Consumible Fotograficas Termicas | products=14 | seconds=33.372
SCRAPING TIMING | category=Kits De Herramientas | products=2 | seconds=20.992
SCRAPING TIMING | category=Insumos De Sublimacion | products=25 | seconds=36.769
SCRAPING TIMING | category=Jarros Mug | products=19 | seconds=34.459
SCRAPING TIMING | category=Lapiceros Ecologicos | products=4 | seconds=28.253
SCRAPING TIMING | category=Lapiceros Metalicos | products=10 | seconds=23.739
SCRAPING TIMING | category=Llaveros Y Accesorios | products=25 | seconds=26.516
SCRAPING TIMING | category=Maquinas De Sublimacion | products=25 | seconds=25.939
SCRAPING TIMING | category=Micas Para Enmicados | products=25 | seconds=27.787
SCRAPING TIMING | category=Papeleria Grafipapel | products=23 | seconds=32.383
SCRAPING TIMING | category=Papeles Fotograficos Koala Paper | products=25 | seconds=30.721
SCRAPING TIMING | category=Plotters De Corte | products=15 | seconds=28.883
SCRAPING TIMING | category=Porta Tacos Post It | products=15 | seconds=30.308
SCRAPING TIMING | category=Resaltadores Publicitarios | products=21 | seconds=32.886
SCRAPING TIMING | category=Tecnologia Y Accesorios | products=13 | seconds=30.547
SCRAPING TIMING | stage=category_extraction | categories=24 | products=383 | seconds=89.272
SCRAPING TIMING | stage=detail_cache | requests=366 | cache_hits=17 | cache_size=366
SCRAPING TIMING | stage=http | requests=390 | successes=390 | errors=0 | retries=0 | detail_requests=366 | category_requests=24 | other_requests=0 | max_concurrency=14 | http_seconds=828.791 | slowest_request=14.530
SCRAPING TIMING | stage=http_latency | lt_0_5=0 | 0_5_1=0 | 1_2=286 | 2_5=84 | 5_10=17 | gte_10=3
SCRAPING TIMING | stage=http_slowest | rank=1 | seconds=14.530 | url=https://stock.importacionesfacundo.com/categoria-producto/insumos-de-sublimacion/
SCRAPING TIMING | stage=http_slowest | rank=2 | seconds=13.524 | url=https://stock.importacionesfacundo.com/categoria-producto/articulos-de-antiestres/
SCRAPING TIMING | stage=http_slowest | rank=3 | seconds=10.091 | url=https://stock.importacionesfacundo.com/categoria-producto/jarros-mug/
SCRAPING TIMING | stage=http_slowest | rank=4 | seconds=9.640 | url=https://stock.importacionesfacundo.com/categoria-producto/impresoras-y-consumible-fotograficas-termicas/
SCRAPING TIMING | stage=http_slowest | rank=5 | seconds=9.623 | url=https://stock.importacionesfacundo.com/categoria-producto/llaveros-y-accesorios/
SCRAPING TIMING | stage=http_slowest | rank=6 | seconds=9.489 | url=https://stock.importacionesfacundo.com/categoria-producto/articulos-de-escritorio/
SCRAPING TIMING | stage=http_slowest | rank=7 | seconds=9.144 | url=https://stock.importacionesfacundo.com/categoria-producto/articulos-personales/
SCRAPING TIMING | stage=http_slowest | rank=8 | seconds=8.636 | url=https://stock.importacionesfacundo.com/categoria-producto/papeleria-grafipapel/
SCRAPING TIMING | stage=http_slowest | rank=9 | seconds=8.506 | url=https://stock.importacionesfacundo.com/categoria-producto/maquinas-de-sublimacion/
SCRAPING TIMING | stage=http_slowest | rank=10 | seconds=8.230 | url=https://stock.importacionesfacundo.com/categoria-producto/micas-para-enmicados/
SCRAPING TIMING | stage=consolidation | products=357 | seconds=0.000
SCRAPING TIMING | stage=images | products=357 | seconds=0.599
SCRAPING TIMING | stage=mapping | products=357 | seconds=0.006
SCRAPING TIMING | stage=catalog_sync | products=357 | seconds=0.011
SCRAPING TIMING | stage=sync_total | products=357 | seconds=0.618
SCRAPING TIMING | stage=run_total | categories=24 | seconds=89.896
SCRAPING TIMING | stage=category_listing | categories=2 | products=2 | seconds=0.003
SCRAPING TIMING | stage=detail_enrichment | categories=2 | products=2 | seconds=0.001
SCRAPING TIMING | stage=category_extraction | categories=2 | products=2 | seconds=0.007
SCRAPING TIMING | stage=consolidation | products=1 | seconds=0.000
SCRAPING TIMING | stage=images | products=1 | seconds=0.000
SCRAPING TIMING | stage=mapping | products=1 | seconds=0.000
SCRAPING TIMING | stage=catalog_sync | products=1 | seconds=0.000
SCRAPING TIMING | stage=sync_total | products=1 | seconds=0.004
SCRAPING TIMING | category=categoria | products=2 | seconds=0.000
SCRAPING TIMING | stage=persistence | products=2 | seconds=0.000
SCRAPING TIMING | stage=sync_total | products=2 | seconds=0.000
SCRAPING TIMING | stage=run_start | categories=2
SCRAPING TIMING | stage=run_total | categories=2 | seconds=0.001
SCRAPING TIMING | stage=category_listing | categories=2 | products=2 | seconds=0.001
SCRAPING TIMING | stage=detail_enrichment | categories=2 | products=2 | seconds=0.001
SCRAPING TIMING | stage=category_extraction | categories=2 | products=2 | seconds=0.004
SCRAPING TIMING | stage=consolidation | products=1 | seconds=0.000
SCRAPING TIMING | stage=images | products=1 | seconds=0.000
SCRAPING TIMING | stage=mapping | products=1 | seconds=0.000
SCRAPING TIMING | stage=catalog_sync | products=1 | seconds=0.000
SCRAPING TIMING | stage=sync_total | products=1 | seconds=0.002
SCRAPING TIMING | category=categoria | products=2 | seconds=0.000
SCRAPING TIMING | stage=persistence | products=2 | seconds=0.000
SCRAPING TIMING | stage=sync_total | products=2 | seconds=0.000
SCRAPING TIMING | stage=run_start | categories=2
SCRAPING TIMING | stage=run_total | categories=2 | seconds=0.001
SCRAPING TIMING | stage=category_discovery | categories=24 | seconds=2.057
SCRAPING TIMING | stage=run_start | categories=24
SCRAPING TIMING | stage=category_listing | categories=24 | products=383 | seconds=23.544
SCRAPING TIMING | stage=detail_enrichment | categories=24 | products=383 | seconds=71.226
SCRAPING TIMING | stage=category_extraction | categories=24 | products=383 | seconds=94.772
SCRAPING TIMING | stage=detail_cache | requests=366 | cache_hits=17 | cache_size=366
SCRAPING TIMING | stage=http | requests=390 | successes=390 | errors=0 | retries=0 | detail_requests=366 | category_requests=24 | other_requests=0 | max_concurrency=8 | http_seconds=707.420 | slowest_request=10.762
SCRAPING TIMING | stage=http_latency | lt_0_5=0 | 0_5_1=0 | 1_2=353 | 2_5=18 | 5_10=17 | gte_10=2
SCRAPING TIMING | stage=http_slowest | rank=1 | seconds=10.762 | url=https://stock.importacionesfacundo.com/categoria-producto/cocina-mesa-y-hogar/
SCRAPING TIMING | stage=http_slowest | rank=2 | seconds=10.190 | url=https://stock.importacionesfacundo.com/categoria-producto/articulos-de-escritorio/
SCRAPING TIMING | stage=http_slowest | rank=3 | seconds=9.842 | url=https://stock.importacionesfacundo.com/categoria-producto/articulos-de-antiestres/
SCRAPING TIMING | stage=http_slowest | rank=4 | seconds=9.160 | url=https://stock.importacionesfacundo.com/categoria-producto/articulos-de-playa/
SCRAPING TIMING | stage=http_slowest | rank=5 | seconds=8.880 | url=https://stock.importacionesfacundo.com/categoria-producto/maquinas-de-sublimacion/
SCRAPING TIMING | stage=http_slowest | rank=6 | seconds=8.647 | url=https://stock.importacionesfacundo.com/categoria-producto/llaveros-y-accesorios/
SCRAPING TIMING | stage=http_slowest | rank=7 | seconds=8.048 | url=https://stock.importacionesfacundo.com/categoria-producto/insumos-de-sublimacion/
SCRAPING TIMING | stage=http_slowest | rank=8 | seconds=7.867 | url=https://stock.importacionesfacundo.com/categoria-producto/articulos-personales/
SCRAPING TIMING | stage=http_slowest | rank=9 | seconds=7.758 | url=https://stock.importacionesfacundo.com/categoria-producto/micas-para-enmicados/
SCRAPING TIMING | stage=http_slowest | rank=10 | seconds=7.488 | url=https://stock.importacionesfacundo.com/categoria-producto/papeleria-grafipapel/
SCRAPING TIMING | stage=consolidation | products=357 | seconds=0.000
SCRAPING TIMING | stage=images | products=357 | seconds=0.613
SCRAPING TIMING | stage=mapping | products=357 | seconds=0.006
SCRAPING TIMING | stage=catalog_sync | products=357 | seconds=0.017
SCRAPING TIMING | stage=sync_total | products=357 | seconds=0.638
SCRAPING TIMING | stage=run_total | categories=24 | seconds=95.417
SCRAPING TIMING | stage=category_listing | categories=2 | products=2 | seconds=0.002
SCRAPING TIMING | stage=detail_enrichment | categories=2 | products=2 | seconds=0.001
SCRAPING TIMING | stage=category_extraction | categories=2 | products=2 | seconds=0.005
SCRAPING TIMING | stage=consolidation | products=1 | seconds=0.000
SCRAPING TIMING | stage=images | products=1 | seconds=0.000
SCRAPING TIMING | stage=mapping | products=1 | seconds=0.000
SCRAPING TIMING | stage=catalog_sync | products=1 | seconds=0.000
SCRAPING TIMING | stage=sync_total | products=1 | seconds=0.002
SCRAPING TIMING | category=categoria | products=2 | seconds=0.000
SCRAPING TIMING | stage=persistence | products=2 | seconds=0.000
SCRAPING TIMING | stage=sync_total | products=2 | seconds=0.000
SCRAPING TIMING | stage=run_start | categories=2
SCRAPING TIMING | stage=run_total | categories=2 | seconds=0.001
SCRAPING TIMING | stage=category_discovery | categories=24 | seconds=1.930
SCRAPING TIMING | stage=run_start | categories=24
SCRAPING TIMING | stage=category_listing | categories=24 | products=383 | seconds=24.141
SCRAPING TIMING | stage=detail_enrichment | categories=24 | products=383 | seconds=66.054
SCRAPING TIMING | stage=category_extraction | categories=24 | products=383 | seconds=90.197
SCRAPING TIMING | stage=detail_cache | requests=366 | cache_hits=17 | cache_size=366
SCRAPING TIMING | stage=http | requests=390 | successes=390 | errors=0 | retries=0 | detail_requests=366 | category_requests=24 | other_requests=0 | max_concurrency=14 | http_seconds=1049.554 | slowest_request=11.088
SCRAPING TIMING | stage=http_latency | lt_0_5=0 | 0_5_1=0 | 1_2=58 | 2_5=315 | 5_10=14 | gte_10=3
SCRAPING TIMING | stage=http_slowest | rank=1 | seconds=11.088 | url=https://stock.importacionesfacundo.com/categoria-producto/micas-para-enmicados/
SCRAPING TIMING | stage=http_slowest | rank=2 | seconds=10.932 | url=https://stock.importacionesfacundo.com/categoria-producto/papeles-fotograficos-koala-paper/
SCRAPING TIMING | stage=http_slowest | rank=3 | seconds=10.331 | url=https://stock.importacionesfacundo.com/categoria-producto/maquinas-de-sublimacion/
SCRAPING TIMING | stage=http_slowest | rank=4 | seconds=9.974 | url=https://stock.importacionesfacundo.com/categoria-producto/llaveros-y-accesorios/
SCRAPING TIMING | stage=http_slowest | rank=5 | seconds=9.788 | url=https://stock.importacionesfacundo.com/categoria-producto/articulos-de-escritorio/
SCRAPING TIMING | stage=http_slowest | rank=6 | seconds=9.567 | url=https://stock.importacionesfacundo.com/categoria-producto/papeleria-grafipapel/
SCRAPING TIMING | stage=http_slowest | rank=7 | seconds=9.543 | url=https://stock.importacionesfacundo.com/producto/maquina-prensa-termica-automatica-freesub-f3880/
SCRAPING TIMING | stage=http_slowest | rank=8 | seconds=9.472 | url=https://stock.importacionesfacundo.com/producto/maquina-plancha-transfer-automatica-con-bandeja-deslizante-60x40/
SCRAPING TIMING | stage=http_slowest | rank=9 | seconds=9.307 | url=https://stock.importacionesfacundo.com/categoria-producto/resaltadores-publicitarios/
SCRAPING TIMING | stage=http_slowest | rank=10 | seconds=8.663 | url=https://stock.importacionesfacundo.com/categoria-producto/plotters-de-corte/
SCRAPING TIMING | stage=consolidation | products=357 | seconds=0.000
SCRAPING TIMING | stage=images | products=357 | seconds=1.292
SCRAPING TIMING | stage=mapping | products=357 | seconds=0.011
SCRAPING TIMING | stage=catalog_sync | products=357 | seconds=0.026
SCRAPING TIMING | stage=sync_total | products=357 | seconds=1.334
SCRAPING TIMING | stage=run_total | categories=24 | seconds=91.547
SCRAPING TIMING | stage=category_listing | categories=2 | products=2 | seconds=0.001
SCRAPING TIMING | stage=detail_enrichment | categories=2 | products=2 | seconds=0.001
SCRAPING TIMING | stage=category_extraction | categories=2 | products=2 | seconds=0.003
SCRAPING TIMING | stage=consolidation | products=1 | seconds=0.000
SCRAPING TIMING | stage=images | products=1 | seconds=0.000
SCRAPING TIMING | stage=mapping | products=1 | seconds=0.000
SCRAPING TIMING | stage=catalog_sync | products=1 | seconds=0.000
SCRAPING TIMING | stage=sync_total | products=1 | seconds=0.002
SCRAPING TIMING | category=categoria | products=2 | seconds=0.000
SCRAPING TIMING | stage=persistence | products=2 | seconds=0.000
SCRAPING TIMING | stage=sync_total | products=2 | seconds=0.000
SCRAPING TIMING | stage=run_start | categories=2
SCRAPING TIMING | stage=run_total | categories=2 | seconds=0.001
SCRAPING TIMING | stage=category_listing | categories=2 | products=2 | seconds=0.002
SCRAPING TIMING | stage=detail_enrichment | categories=2 | products=2 | seconds=0.001
SCRAPING TIMING | stage=category_extraction | categories=2 | products=2 | seconds=0.004
SCRAPING TIMING | stage=consolidation | products=1 | seconds=0.000
SCRAPING TIMING | stage=images | products=1 | seconds=0.000
SCRAPING TIMING | stage=mapping | products=1 | seconds=0.000
SCRAPING TIMING | stage=catalog_sync | products=1 | seconds=0.000
SCRAPING TIMING | stage=sync_total | products=1 | seconds=0.002
SCRAPING TIMING | category=categoria | products=2 | seconds=0.000
SCRAPING TIMING | stage=persistence | products=2 | seconds=0.000
SCRAPING TIMING | stage=sync_total | products=2 | seconds=0.000
SCRAPING TIMING | stage=run_start | categories=2
SCRAPING TIMING | stage=run_total | categories=2 | seconds=0.001
SCRAPING TIMING | stage=category_discovery | categories=24 | seconds=2.495
SCRAPING TIMING | stage=run_start | categories=24
SCRAPING TIMING | stage=category_listing | categories=24 | products=383 | seconds=24.753
SCRAPING TIMING | stage=detail_enrichment | categories=24 | products=383 | seconds=70.789
SCRAPING TIMING | stage=category_extraction | categories=24 | products=383 | seconds=95.544
SCRAPING TIMING | stage=detail_cache | requests=366 | cache_hits=17 | cache_size=366
SCRAPING TIMING | stage=http | requests=390 | successes=390 | errors=0 | retries=0 | detail_requests=366 | category_requests=24 | other_requests=0 | max_concurrency=14 | http_seconds=1125.665 | slowest_request=11.413
SCRAPING TIMING | stage=http_latency | lt_0_5=0 | 0_5_1=0 | 1_2=12 | 2_5=359 | 5_10=17 | gte_10=2
SCRAPING TIMING | stage=http_slowest | rank=1 | seconds=11.413 | url=https://stock.importacionesfacundo.com/categoria-producto/papeles-fotograficos-koala-paper/
SCRAPING TIMING | stage=http_slowest | rank=2 | seconds=10.139 | url=https://stock.importacionesfacundo.com/categoria-producto/insumos-de-sublimacion/
SCRAPING TIMING | stage=http_slowest | rank=3 | seconds=9.860 | url=https://stock.importacionesfacundo.com/categoria-producto/maquinas-de-sublimacion/
SCRAPING TIMING | stage=http_slowest | rank=4 | seconds=9.754 | url=https://stock.importacionesfacundo.com/categoria-producto/articulos-de-escritorio/
SCRAPING TIMING | stage=http_slowest | rank=5 | seconds=9.344 | url=https://stock.importacionesfacundo.com/categoria-producto/articulos-de-antiestres/
SCRAPING TIMING | stage=http_slowest | rank=6 | seconds=9.204 | url=https://stock.importacionesfacundo.com/categoria-producto/llaveros-y-accesorios/
SCRAPING TIMING | stage=http_slowest | rank=7 | seconds=8.981 | url=https://stock.importacionesfacundo.com/categoria-producto/papeleria-grafipapel/
SCRAPING TIMING | stage=http_slowest | rank=8 | seconds=8.466 | url=https://stock.importacionesfacundo.com/categoria-producto/resaltadores-publicitarios/
SCRAPING TIMING | stage=http_slowest | rank=9 | seconds=8.007 | url=https://stock.importacionesfacundo.com/categoria-producto/articulos-personales/
SCRAPING TIMING | stage=http_slowest | rank=10 | seconds=7.908 | url=https://stock.importacionesfacundo.com/categoria-producto/micas-para-enmicados/
SCRAPING TIMING | stage=consolidation | products=357 | seconds=0.000
SCRAPING TIMING | stage=images | products=357 | seconds=0.560
SCRAPING TIMING | stage=mapping | products=357 | seconds=0.008
SCRAPING TIMING | stage=catalog_sync | products=357 | seconds=0.009
SCRAPING TIMING | stage=sync_total | products=357 | seconds=0.579
SCRAPING TIMING | stage=run_total | categories=24 | seconds=96.130
SCRAPING TIMING | stage=category_listing | categories=2 | products=2 | seconds=0.002
SCRAPING TIMING | stage=detail_enrichment | categories=2 | products=2 | seconds=0.001
SCRAPING TIMING | stage=category_extraction | categories=2 | products=2 | seconds=0.004
SCRAPING TIMING | stage=consolidation | products=1 | seconds=0.000
SCRAPING TIMING | stage=images | products=1 | seconds=0.000
SCRAPING TIMING | stage=mapping | products=1 | seconds=0.000
SCRAPING TIMING | stage=catalog_sync | products=1 | seconds=0.000
SCRAPING TIMING | stage=sync_total | products=1 | seconds=0.002
SCRAPING TIMING | category=categoria | products=2 | seconds=0.000
SCRAPING TIMING | stage=persistence | products=2 | seconds=0.000
SCRAPING TIMING | stage=sync_total | products=2 | seconds=0.000
SCRAPING TIMING | stage=run_start | categories=2
SCRAPING TIMING | stage=run_total | categories=2 | seconds=0.001
SCRAPING TIMING | stage=category_listing | categories=2 | products=2 | seconds=0.001
SCRAPING TIMING | stage=detail_enrichment | categories=2 | products=2 | seconds=0.001
SCRAPING TIMING | stage=category_extraction | categories=2 | products=2 | seconds=0.003
SCRAPING TIMING | stage=consolidation | products=1 | seconds=0.000
SCRAPING TIMING | stage=images | products=1 | seconds=0.000
SCRAPING TIMING | stage=mapping | products=1 | seconds=0.000
SCRAPING TIMING | stage=catalog_sync | products=1 | seconds=0.000
SCRAPING TIMING | stage=sync_total | products=1 | seconds=0.002
SCRAPING TIMING | category=categoria | products=2 | seconds=0.000
SCRAPING TIMING | stage=persistence | products=2 | seconds=0.000
SCRAPING TIMING | stage=sync_total | products=2 | seconds=0.000
SCRAPING TIMING | stage=run_start | categories=2
SCRAPING TIMING | stage=run_total | categories=2 | seconds=0.001
SCRAPING TIMING | stage=category_listing | categories=2 | products=2 | seconds=0.003
SCRAPING TIMING | stage=detail_enrichment | categories=2 | products=2 | seconds=0.001
SCRAPING TIMING | stage=category_extraction | categories=2 | products=2 | seconds=0.007
SCRAPING TIMING | stage=consolidation | products=1 | seconds=0.000
SCRAPING TIMING | stage=images | products=1 | seconds=0.000
SCRAPING TIMING | stage=mapping | products=1 | seconds=0.000
SCRAPING TIMING | stage=catalog_sync | products=1 | seconds=0.000
SCRAPING TIMING | stage=sync_total | products=1 | seconds=0.003
SCRAPING TIMING | category=categoria | products=2 | seconds=0.000
SCRAPING TIMING | stage=persistence | products=2 | seconds=0.000
SCRAPING TIMING | stage=sync_total | products=2 | seconds=0.000
SCRAPING TIMING | stage=run_start | categories=2
SCRAPING TIMING | stage=run_total | categories=2 | seconds=0.002
SCRAPING TIMING | stage=category_listing | categories=2 | products=2 | seconds=0.002
SCRAPING TIMING | stage=detail_enrichment | categories=2 | products=2 | seconds=0.001
SCRAPING TIMING | stage=category_extraction | categories=2 | products=2 | seconds=0.004
SCRAPING TIMING | stage=consolidation | products=1 | seconds=0.000
SCRAPING TIMING | stage=images | products=1 | seconds=0.000
SCRAPING TIMING | stage=mapping | products=1 | seconds=0.000
SCRAPING TIMING | stage=catalog_sync | products=1 | seconds=0.000
SCRAPING TIMING | stage=sync_total | products=1 | seconds=0.002
SCRAPING TIMING | category=categoria | products=2 | seconds=0.000
SCRAPING TIMING | stage=persistence | products=2 | seconds=0.000
SCRAPING TIMING | stage=sync_total | products=2 | seconds=0.000
SCRAPING TIMING | stage=run_start | categories=2
SCRAPING TIMING | stage=run_total | categories=2 | seconds=0.001
SCRAPING TIMING | stage=category_discovery | categories=24 | seconds=2.077
SCRAPING TIMING | stage=run_start | categories=24
SCRAPING TIMING | stage=category_listing | categories=24 | products=383 | seconds=22.536
SCRAPING TIMING | stage=detail_enrichment | categories=24 | products=383 | seconds=70.459
SCRAPING TIMING | stage=category_extraction | categories=24 | products=383 | seconds=92.996
SCRAPING TIMING | stage=detail_cache | requests=366 | cache_hits=17 | skipped=0 | cache_size=366
SCRAPING TIMING | stage=http | requests=390 | successes=390 | errors=0 | retries=0 | detail_requests=366 | category_requests=24 | other_requests=0 | max_concurrency=14 | http_seconds=1102.233 | slowest_request=8.704
SCRAPING TIMING | stage=http_latency | lt_0_5=0 | 0_5_1=0 | 1_2=11 | 2_5=362 | 5_10=17 | gte_10=0
SCRAPING TIMING | stage=http_slowest | rank=1 | seconds=8.704 | url=https://stock.importacionesfacundo.com/categoria-producto/articulos-de-escritorio/
SCRAPING TIMING | stage=http_slowest | rank=2 | seconds=8.622 | url=https://stock.importacionesfacundo.com/categoria-producto/papeles-fotograficos-koala-paper/
SCRAPING TIMING | stage=http_slowest | rank=3 | seconds=8.509 | url=https://stock.importacionesfacundo.com/categoria-producto/maquinas-de-sublimacion/
SCRAPING TIMING | stage=http_slowest | rank=4 | seconds=8.413 | url=https://stock.importacionesfacundo.com/categoria-producto/insumos-de-sublimacion/
SCRAPING TIMING | stage=http_slowest | rank=5 | seconds=8.336 | url=https://stock.importacionesfacundo.com/categoria-producto/articulos-de-antiestres/
SCRAPING TIMING | stage=http_slowest | rank=6 | seconds=8.142 | url=https://stock.importacionesfacundo.com/categoria-producto/resaltadores-publicitarios/
SCRAPING TIMING | stage=http_slowest | rank=7 | seconds=7.782 | url=https://stock.importacionesfacundo.com/categoria-producto/micas-para-enmicados/
SCRAPING TIMING | stage=http_slowest | rank=8 | seconds=7.713 | url=https://stock.importacionesfacundo.com/categoria-producto/llaveros-y-accesorios/
SCRAPING TIMING | stage=http_slowest | rank=9 | seconds=7.246 | url=https://stock.importacionesfacundo.com/categoria-producto/articulos-personales/
SCRAPING TIMING | stage=http_slowest | rank=10 | seconds=7.181 | url=https://stock.importacionesfacundo.com/categoria-producto/jarros-mug/
SCRAPING TIMING | stage=consolidation | products=357 | seconds=0.000
SCRAPING TIMING | stage=images | products=357 | seconds=0.579
SCRAPING TIMING | stage=mapping | products=357 | seconds=0.005
SCRAPING TIMING | stage=catalog_sync | products=357 | seconds=0.008
SCRAPING TIMING | stage=sync_total | products=357 | seconds=0.595
SCRAPING TIMING | stage=run_total | categories=24 | seconds=93.599
SCRAPING TIMING | stage=category_listing | categories=2 | products=2 | seconds=0.003
SCRAPING TIMING | stage=detail_enrichment | categories=2 | products=2 | seconds=0.001
SCRAPING TIMING | stage=category_extraction | categories=2 | products=2 | seconds=0.007
SCRAPING TIMING | stage=consolidation | products=1 | seconds=0.000
SCRAPING TIMING | stage=images | products=1 | seconds=0.000
SCRAPING TIMING | stage=mapping | products=1 | seconds=0.000
SCRAPING TIMING | stage=catalog_sync | products=1 | seconds=0.000
SCRAPING TIMING | stage=sync_total | products=1 | seconds=0.004
SCRAPING TIMING | category=categoria | products=2 | seconds=0.000
SCRAPING TIMING | stage=persistence | products=2 | seconds=0.000
SCRAPING TIMING | stage=sync_total | products=2 | seconds=0.000
SCRAPING TIMING | stage=run_start | categories=2
SCRAPING TIMING | stage=run_total | categories=2 | seconds=0.001
SCRAPING TIMING | stage=category_listing | categories=2 | products=2 | seconds=0.002
SCRAPING TIMING | stage=detail_enrichment | categories=2 | products=2 | seconds=0.001
SCRAPING TIMING | stage=category_extraction | categories=2 | products=2 | seconds=0.006
SCRAPING TIMING | stage=consolidation | products=1 | seconds=0.000
SCRAPING TIMING | stage=images | products=1 | seconds=0.000
SCRAPING TIMING | stage=mapping | products=1 | seconds=0.000
SCRAPING TIMING | stage=catalog_sync | products=1 | seconds=0.000
SCRAPING TIMING | stage=sync_total | products=1 | seconds=0.003
SCRAPING TIMING | category=categoria | products=2 | seconds=0.000
SCRAPING TIMING | stage=persistence | products=2 | seconds=0.000
SCRAPING TIMING | stage=sync_total | products=2 | seconds=0.000
SCRAPING TIMING | stage=run_start | categories=2
SCRAPING TIMING | stage=run_total | categories=2 | seconds=0.001
SCRAPING TIMING | stage=category_listing | categories=2 | products=2 | seconds=0.001
SCRAPING TIMING | stage=detail_enrichment | categories=2 | products=2 | seconds=0.001
SCRAPING TIMING | stage=category_extraction | categories=2 | products=2 | seconds=0.003
SCRAPING TIMING | stage=consolidation | products=1 | seconds=0.000
SCRAPING TIMING | stage=images | products=1 | seconds=0.000
SCRAPING TIMING | stage=mapping | products=1 | seconds=0.000
SCRAPING TIMING | stage=catalog_sync | products=1 | seconds=0.000
SCRAPING TIMING | stage=sync_total | products=1 | seconds=0.001
SCRAPING TIMING | category=categoria | products=2 | seconds=0.000
SCRAPING TIMING | stage=persistence | products=2 | seconds=0.000
SCRAPING TIMING | stage=sync_total | products=2 | seconds=0.000
SCRAPING TIMING | stage=run_start | categories=2
SCRAPING TIMING | stage=run_total | categories=2 | seconds=0.001
SCRAPING TIMING | stage=category_listing | categories=2 | products=2 | seconds=0.002
SCRAPING TIMING | stage=detail_enrichment | categories=2 | products=2 | seconds=0.001
SCRAPING TIMING | stage=category_extraction | categories=2 | products=2 | seconds=0.004
SCRAPING TIMING | stage=consolidation | products=1 | seconds=0.000
SCRAPING TIMING | stage=images | products=1 | seconds=0.000
SCRAPING TIMING | stage=mapping | products=1 | seconds=0.000
SCRAPING TIMING | stage=catalog_sync | products=1 | seconds=0.000
SCRAPING TIMING | stage=sync_total | products=1 | seconds=0.002
SCRAPING TIMING | category=categoria | products=2 | seconds=0.000
SCRAPING TIMING | stage=persistence | products=2 | seconds=0.000
SCRAPING TIMING | stage=sync_total | products=2 | seconds=0.000
SCRAPING TIMING | stage=run_start | categories=2
SCRAPING TIMING | stage=run_total | categories=2 | seconds=0.000
SCRAPING TIMING | stage=category_discovery | categories=24 | seconds=3.962
SCRAPING TIMING | stage=run_start | categories=24
SCRAPING TIMING | stage=category_listing | categories=24 | products=383 | seconds=21.332
SCRAPING TIMING | stage=detail_enrichment | categories=24 | products=383 | seconds=47.150
SCRAPING TIMING | stage=category_extraction | categories=24 | products=383 | seconds=68.484
SCRAPING TIMING | stage=detail_cache | requests=253 | cache_hits=15 | skipped=115 | cache_size=253
SCRAPING TIMING | stage=http | requests=277 | successes=277 | errors=0 | retries=0 | detail_requests=253 | category_requests=24 | other_requests=0 | max_concurrency=14 | http_seconds=781.096 | slowest_request=10.307
SCRAPING TIMING | stage=http_latency | lt_0_5=0 | 0_5_1=0 | 1_2=21 | 2_5=239 | 5_10=16 | gte_10=1
SCRAPING TIMING | stage=http_slowest | rank=1 | seconds=10.307 | url=https://stock.importacionesfacundo.com/categoria-producto/articulos-de-escritorio/
SCRAPING TIMING | stage=http_slowest | rank=2 | seconds=8.729 | url=https://stock.importacionesfacundo.com/categoria-producto/articulos-de-antiestres/
SCRAPING TIMING | stage=http_slowest | rank=3 | seconds=8.025 | url=https://stock.importacionesfacundo.com/categoria-producto/articulos-personales/
SCRAPING TIMING | stage=http_slowest | rank=4 | seconds=7.827 | url=https://stock.importacionesfacundo.com/categoria-producto/insumos-de-sublimacion/
SCRAPING TIMING | stage=http_slowest | rank=5 | seconds=7.804 | url=https://stock.importacionesfacundo.com/categoria-producto/llaveros-y-accesorios/
SCRAPING TIMING | stage=http_slowest | rank=6 | seconds=7.777 | url=https://stock.importacionesfacundo.com/categoria-producto/maquinas-de-sublimacion/
SCRAPING TIMING | stage=http_slowest | rank=7 | seconds=7.506 | url=https://stock.importacionesfacundo.com/categoria-producto/micas-para-enmicados/
SCRAPING TIMING | stage=http_slowest | rank=8 | seconds=7.459 | url=https://stock.importacionesfacundo.com/categoria-producto/papeles-fotograficos-koala-paper/
SCRAPING TIMING | stage=http_slowest | rank=9 | seconds=7.197 | url=https://stock.importacionesfacundo.com/categoria-producto/cocina-mesa-y-hogar/
SCRAPING TIMING | stage=http_slowest | rank=10 | seconds=7.032 | url=https://stock.importacionesfacundo.com/categoria-producto/jarros-mug/
SCRAPING TIMING | stage=consolidation | products=357 | seconds=0.001
SCRAPING TIMING | stage=images | products=357 | seconds=0.529
SCRAPING TIMING | stage=mapping | products=357 | seconds=0.005
SCRAPING TIMING | stage=catalog_sync | products=357 | seconds=0.008
SCRAPING TIMING | stage=sync_total | products=357 | seconds=0.545
SCRAPING TIMING | stage=run_total | categories=24 | seconds=69.036
SCRAPING TIMING | stage=category_listing | categories=2 | products=2 | seconds=0.001
SCRAPING TIMING | stage=detail_enrichment | categories=2 | products=2 | seconds=0.001
SCRAPING TIMING | stage=category_extraction | categories=2 | products=2 | seconds=0.003
SCRAPING TIMING | stage=consolidation | products=1 | seconds=0.000
SCRAPING TIMING | stage=images | products=1 | seconds=0.000
SCRAPING TIMING | stage=mapping | products=1 | seconds=0.000
SCRAPING TIMING | stage=catalog_sync | products=1 | seconds=0.000
SCRAPING TIMING | stage=sync_total | products=1 | seconds=0.002
SCRAPING TIMING | category=categoria | products=2 | seconds=0.000
SCRAPING TIMING | stage=persistence | products=2 | seconds=0.000
SCRAPING TIMING | stage=sync_total | products=2 | seconds=0.000
SCRAPING TIMING | stage=run_start | categories=2
SCRAPING TIMING | stage=run_total | categories=2 | seconds=0.001
SCRAPING TIMING | stage=category_listing | categories=2 | products=2 | seconds=0.002
SCRAPING TIMING | stage=detail_enrichment | categories=2 | products=2 | seconds=0.001
SCRAPING TIMING | stage=category_extraction | categories=2 | products=2 | seconds=0.004
SCRAPING TIMING | stage=consolidation | products=1 | seconds=0.000
SCRAPING TIMING | stage=images | products=1 | seconds=0.000
SCRAPING TIMING | stage=mapping | products=1 | seconds=0.000
SCRAPING TIMING | stage=catalog_sync | products=1 | seconds=0.000
SCRAPING TIMING | stage=sync_total | products=1 | seconds=0.002
SCRAPING TIMING | category=categoria | products=2 | seconds=0.000
SCRAPING TIMING | stage=persistence | products=2 | seconds=0.000
SCRAPING TIMING | stage=sync_total | products=2 | seconds=0.000
SCRAPING TIMING | stage=run_start | categories=2
SCRAPING TIMING | stage=run_total | categories=2 | seconds=0.001
SCRAPING TIMING | stage=category_discovery | categories=24 | seconds=2.093
SCRAPING TIMING | stage=run_start | categories=24
SCRAPING TIMING | stage=category_listing | categories=24 | products=383 | seconds=27.338
SCRAPING TIMING | stage=detail_enrichment | categories=24 | products=383 | seconds=41.271
SCRAPING TIMING | stage=category_extraction | categories=24 | products=383 | seconds=68.610
SCRAPING TIMING | stage=detail_cache | requests=253 | cache_hits=15 | skipped=115 | cache_size=253
SCRAPING TIMING | stage=http | requests=284 | successes=277 | errors=7 | retries=14 | detail_requests=253 | category_requests=31 | other_requests=0 | max_concurrency=20 | http_seconds=1095.093 | slowest_request=15.410
SCRAPING TIMING | stage=http_latency | lt_0_5=0 | 0_5_1=0 | 1_2=8 | 2_5=248 | 5_10=12 | gte_10=16
SCRAPING TIMING | stage=http_slowest | rank=1 | seconds=15.410 | url=https://stock.importacionesfacundo.com/categoria-producto/maquinas-de-sublimacion/
SCRAPING TIMING | stage=http_slowest | rank=2 | seconds=15.409 | url=https://stock.importacionesfacundo.com/categoria-producto/papeleria-grafipapel/
SCRAPING TIMING | stage=http_slowest | rank=3 | seconds=15.378 | url=https://stock.importacionesfacundo.com/categoria-producto/micas-para-enmicados/
SCRAPING TIMING | stage=http_slowest | rank=4 | seconds=15.376 | url=https://stock.importacionesfacundo.com/categoria-producto/jarros-mug/
SCRAPING TIMING | stage=http_slowest | rank=5 | seconds=15.011 | url=https://stock.importacionesfacundo.com/categoria-producto/resaltadores-publicitarios/
SCRAPING TIMING | stage=http_slowest | rank=6 | seconds=15.008 | url=https://stock.importacionesfacundo.com/categoria-producto/porta-tacos-post-it/
SCRAPING TIMING | stage=http_slowest | rank=7 | seconds=14.999 | url=https://stock.importacionesfacundo.com/categoria-producto/plotters-de-corte/
SCRAPING TIMING | stage=http_slowest | rank=8 | seconds=14.936 | url=https://stock.importacionesfacundo.com/categoria-producto/lapiceros-metalicos/
SCRAPING TIMING | stage=http_slowest | rank=9 | seconds=14.681 | url=https://stock.importacionesfacundo.com/categoria-producto/llaveros-y-accesorios/
SCRAPING TIMING | stage=http_slowest | rank=10 | seconds=14.419 | url=https://stock.importacionesfacundo.com/categoria-producto/papeles-fotograficos-koala-paper/
SCRAPING TIMING | stage=consolidation | products=357 | seconds=0.000
SCRAPING TIMING | stage=images | products=357 | seconds=0.577
SCRAPING TIMING | stage=mapping | products=357 | seconds=0.006
SCRAPING TIMING | stage=catalog_sync | products=357 | seconds=0.010
SCRAPING TIMING | stage=sync_total | products=357 | seconds=0.595
SCRAPING TIMING | stage=run_total | categories=24 | seconds=69.213
SCRAPING TIMING | stage=category_listing | categories=2 | products=2 | seconds=0.002
SCRAPING TIMING | stage=detail_enrichment | categories=2 | products=2 | seconds=0.001
SCRAPING TIMING | stage=category_extraction | categories=2 | products=2 | seconds=0.005
SCRAPING TIMING | stage=consolidation | products=1 | seconds=0.000
SCRAPING TIMING | stage=images | products=1 | seconds=0.000
SCRAPING TIMING | stage=mapping | products=1 | seconds=0.000
SCRAPING TIMING | stage=catalog_sync | products=1 | seconds=0.000
SCRAPING TIMING | stage=sync_total | products=1 | seconds=0.002
SCRAPING TIMING | category=categoria | products=2 | seconds=0.000
SCRAPING TIMING | stage=persistence | products=2 | seconds=0.000
SCRAPING TIMING | stage=sync_total | products=2 | seconds=0.000
SCRAPING TIMING | stage=run_start | categories=2
SCRAPING TIMING | stage=run_total | categories=2 | seconds=0.001
SCRAPING TIMING | stage=category_discovery | categories=24 | seconds=18.624
SCRAPING TIMING | stage=run_start | categories=24
SCRAPING TIMING | stage=category_listing | categories=24 | products=383 | seconds=26.501
SCRAPING TIMING | stage=detail_enrichment | categories=24 | products=383 | seconds=40.547
SCRAPING TIMING | stage=category_extraction | categories=24 | products=383 | seconds=67.050
SCRAPING TIMING | stage=detail_cache | requests=253 | cache_hits=15 | skipped=115 | cache_size=253
SCRAPING TIMING | stage=http | requests=278 | successes=277 | errors=1 | retries=2 | detail_requests=253 | category_requests=25 | other_requests=0 | max_concurrency=20 | http_seconds=1011.927 | slowest_request=15.291
SCRAPING TIMING | stage=http_latency | lt_0_5=0 | 0_5_1=0 | 1_2=7 | 2_5=251 | 5_10=7 | gte_10=13
SCRAPING TIMING | stage=http_slowest | rank=1 | seconds=15.291 | url=https://stock.importacionesfacundo.com/categoria-producto/articulos-de-escritorio/
SCRAPING TIMING | stage=http_slowest | rank=2 | seconds=14.335 | url=https://stock.importacionesfacundo.com/categoria-producto/papeleria-grafipapel/
SCRAPING TIMING | stage=http_slowest | rank=3 | seconds=14.260 | url=https://stock.importacionesfacundo.com/categoria-producto/papeles-fotograficos-koala-paper/
SCRAPING TIMING | stage=http_slowest | rank=4 | seconds=14.167 | url=https://stock.importacionesfacundo.com/categoria-producto/maquinas-de-sublimacion/
SCRAPING TIMING | stage=http_slowest | rank=5 | seconds=13.548 | url=https://stock.importacionesfacundo.com/categoria-producto/micas-para-enmicados/
SCRAPING TIMING | stage=http_slowest | rank=6 | seconds=13.408 | url=https://stock.importacionesfacundo.com/categoria-producto/resaltadores-publicitarios/
SCRAPING TIMING | stage=http_slowest | rank=7 | seconds=13.243 | url=https://stock.importacionesfacundo.com/categoria-producto/jarros-mug/
SCRAPING TIMING | stage=http_slowest | rank=8 | seconds=12.925 | url=https://stock.importacionesfacundo.com/categoria-producto/llaveros-y-accesorios/
SCRAPING TIMING | stage=http_slowest | rank=9 | seconds=12.720 | url=https://stock.importacionesfacundo.com/categoria-producto/articulos-personales/
SCRAPING TIMING | stage=http_slowest | rank=10 | seconds=12.658 | url=https://stock.importacionesfacundo.com/categoria-producto/plotters-de-corte/
SCRAPING TIMING | stage=consolidation | products=357 | seconds=0.000
SCRAPING TIMING | stage=images | products=357 | seconds=0.673
SCRAPING TIMING | stage=mapping | products=357 | seconds=0.007
SCRAPING TIMING | stage=catalog_sync | products=357 | seconds=0.008
SCRAPING TIMING | stage=sync_total | products=357 | seconds=0.692
SCRAPING TIMING | stage=run_total | categories=24 | seconds=67.749
SCRAPING TIMING | stage=category_listing | categories=2 | products=2 | seconds=0.001
SCRAPING TIMING | stage=detail_enrichment | categories=2 | products=2 | seconds=0.001
SCRAPING TIMING | stage=category_extraction | categories=2 | products=2 | seconds=0.003
SCRAPING TIMING | stage=consolidation | products=1 | seconds=0.000
SCRAPING TIMING | stage=images | products=1 | seconds=0.000
SCRAPING TIMING | stage=mapping | products=1 | seconds=0.000
SCRAPING TIMING | stage=catalog_sync | products=1 | seconds=0.000
SCRAPING TIMING | stage=sync_total | products=1 | seconds=0.002
SCRAPING TIMING | category=categoria | products=2 | seconds=0.000
SCRAPING TIMING | stage=persistence | products=2 | seconds=0.000
SCRAPING TIMING | stage=sync_total | products=2 | seconds=0.000
SCRAPING TIMING | stage=run_start | categories=2
SCRAPING TIMING | stage=run_total | categories=2 | seconds=0.001
SCRAPING TIMING | stage=category_discovery | categories=24 | seconds=2.334
SCRAPING TIMING | stage=run_start | categories=24
SCRAPING TIMING | stage=category_listing | categories=24 | products=383 | seconds=23.355
SCRAPING TIMING | stage=detail_enrichment | categories=24 | products=383 | seconds=42.540
SCRAPING TIMING | stage=category_extraction | categories=24 | products=383 | seconds=65.897
SCRAPING TIMING | stage=detail_cache | requests=253 | cache_hits=15 | skipped=115 | cache_size=253 | reasons=requested_missing_fields:16,requested_missing_prices:140,requested_multiple_or_missing_stock:112,skipped_complete_single_stock:115
SCRAPING TIMING | stage=http | requests=277 | successes=277 | errors=0 | retries=0 | detail_requests=253 | category_requests=24 | other_requests=0 | max_concurrency=20 | http_seconds=1059.049 | slowest_request=15.412
SCRAPING TIMING | stage=http_latency | lt_0_5=0 | 0_5_1=0 | 1_2=2 | 2_5=249 | 5_10=11 | gte_10=15
SCRAPING TIMING | stage=http_slowest | rank=1 | seconds=15.412 | url=https://stock.importacionesfacundo.com/categoria-producto/articulos-de-antiestres/
SCRAPING TIMING | stage=http_slowest | rank=2 | seconds=15.016 | url=https://stock.importacionesfacundo.com/categoria-producto/maquinas-de-sublimacion/
SCRAPING TIMING | stage=http_slowest | rank=3 | seconds=14.753 | url=https://stock.importacionesfacundo.com/categoria-producto/llaveros-y-accesorios/
SCRAPING TIMING | stage=http_slowest | rank=4 | seconds=14.522 | url=https://stock.importacionesfacundo.com/categoria-producto/micas-para-enmicados/
SCRAPING TIMING | stage=http_slowest | rank=5 | seconds=13.474 | url=https://stock.importacionesfacundo.com/categoria-producto/insumos-de-sublimacion/
SCRAPING TIMING | stage=http_slowest | rank=6 | seconds=13.310 | url=https://stock.importacionesfacundo.com/categoria-producto/papeleria-grafipapel/
SCRAPING TIMING | stage=http_slowest | rank=7 | seconds=12.979 | url=https://stock.importacionesfacundo.com/categoria-producto/papeles-fotograficos-koala-paper/
SCRAPING TIMING | stage=http_slowest | rank=8 | seconds=12.415 | url=https://stock.importacionesfacundo.com/categoria-producto/resaltadores-publicitarios/
SCRAPING TIMING | stage=http_slowest | rank=9 | seconds=12.177 | url=https://stock.importacionesfacundo.com/categoria-producto/tecnologia-y-accesorios/
SCRAPING TIMING | stage=http_slowest | rank=10 | seconds=11.623 | url=https://stock.importacionesfacundo.com/categoria-producto/cocina-mesa-y-hogar/
SCRAPING TIMING | stage=consolidation | products=357 | seconds=0.000
SCRAPING TIMING | stage=images | products=357 | seconds=0.570
SCRAPING TIMING | stage=mapping | products=357 | seconds=0.004
SCRAPING TIMING | stage=catalog_sync | products=357 | seconds=0.008
SCRAPING TIMING | stage=sync_total | products=357 | seconds=0.585
SCRAPING TIMING | stage=run_total | categories=24 | seconds=66.489
SCRAPING TIMING | stage=category_discovery | categories=24 | seconds=2.087
SCRAPING TIMING | stage=run_start | categories=24
SCRAPING TIMING | stage=category_listing | categories=24 | products=383 | seconds=20.801
SCRAPING TIMING | stage=detail_enrichment | categories=24 | products=383 | seconds=42.486
SCRAPING TIMING | stage=category_extraction | categories=24 | products=383 | seconds=63.288
SCRAPING TIMING | stage=detail_cache | requests=253 | cache_hits=15 | skipped=115 | cache_size=253 | reasons=requested_missing_fields:16,requested_missing_prices:140,requested_multiple_or_missing_stock:112,skipped_complete_single_stock:115
SCRAPING TIMING | stage=http | requests=277 | successes=277 | errors=0 | retries=0 | detail_requests=253 | category_requests=24 | other_requests=0 | max_concurrency=20 | http_seconds=1027.849 | slowest_request=13.414
SCRAPING TIMING | stage=http_latency | lt_0_5=0 | 0_5_1=0 | 1_2=7 | 2_5=249 | 5_10=12 | gte_10=9
SCRAPING TIMING | stage=http_slowest | rank=1 | seconds=13.414 | url=https://stock.importacionesfacundo.com/categoria-producto/cocina-mesa-y-hogar/
SCRAPING TIMING | stage=http_slowest | rank=2 | seconds=13.410 | url=https://stock.importacionesfacundo.com/categoria-producto/maquinas-de-sublimacion/
SCRAPING TIMING | stage=http_slowest | rank=3 | seconds=12.812 | url=https://stock.importacionesfacundo.com/categoria-producto/llaveros-y-accesorios/
SCRAPING TIMING | stage=http_slowest | rank=4 | seconds=10.924 | url=https://stock.importacionesfacundo.com/categoria-producto/micas-para-enmicados/
SCRAPING TIMING | stage=http_slowest | rank=5 | seconds=10.849 | url=https://stock.importacionesfacundo.com/categoria-producto/tecnologia-y-accesorios/
SCRAPING TIMING | stage=http_slowest | rank=6 | seconds=10.673 | url=https://stock.importacionesfacundo.com/categoria-producto/resaltadores-publicitarios/
SCRAPING TIMING | stage=http_slowest | rank=7 | seconds=10.225 | url=https://stock.importacionesfacundo.com/categoria-producto/papeles-fotograficos-koala-paper/
SCRAPING TIMING | stage=http_slowest | rank=8 | seconds=10.140 | url=https://stock.importacionesfacundo.com/categoria-producto/papeleria-grafipapel/
SCRAPING TIMING | stage=http_slowest | rank=9 | seconds=10.103 | url=https://stock.importacionesfacundo.com/categoria-producto/lapiceros-ecologicos/
SCRAPING TIMING | stage=http_slowest | rank=10 | seconds=9.899 | url=https://stock.importacionesfacundo.com/categoria-producto/articulos-de-escritorio/
SCRAPING TIMING | stage=consolidation | products=357 | seconds=0.000
SCRAPING TIMING | stage=images | products=357 | seconds=0.405
SCRAPING TIMING | stage=mapping | products=357 | seconds=0.003
SCRAPING TIMING | stage=catalog_sync | products=357 | seconds=0.005
SCRAPING TIMING | stage=sync_total | products=357 | seconds=0.415
SCRAPING TIMING | stage=run_total | categories=24 | seconds=63.708
SCRAPING TIMING | stage=category_discovery | categories=24 | seconds=1.923
SCRAPING TIMING | stage=run_start | categories=24
SCRAPING TIMING | stage=category_listing | categories=24 | products=383 | seconds=19.574
SCRAPING TIMING | stage=detail_enrichment | categories=24 | products=383 | seconds=53.072
SCRAPING TIMING | stage=category_extraction | categories=24 | products=383 | seconds=72.647
SCRAPING TIMING | stage=detail_cache | requests=253 | cache_hits=15 | skipped=115 | cache_size=253 | reasons=requested_missing_fields:16,requested_missing_prices:140,requested_multiple_or_missing_stock:112,skipped_complete_single_stock:115
SCRAPING TIMING | stage=http | requests=278 | successes=277 | errors=1 | retries=2 | detail_requests=254 | category_requests=24 | other_requests=0 | max_concurrency=20 | http_seconds=1070.656 | slowest_request=15.015
SCRAPING TIMING | stage=http_latency | lt_0_5=0 | 0_5_1=0 | 1_2=9 | 2_5=231 | 5_10=29 | gte_10=9
SCRAPING TIMING | stage=http_slowest | rank=1 | seconds=15.015 | url=https://stock.importacionesfacundo.com/producto/porta-lapiceros-con-post-it-4/
SCRAPING TIMING | stage=http_slowest | rank=2 | seconds=13.182 | url=https://stock.importacionesfacundo.com/categoria-producto/insumos-de-sublimacion/
SCRAPING TIMING | stage=http_slowest | rank=3 | seconds=11.835 | url=https://stock.importacionesfacundo.com/categoria-producto/llaveros-y-accesorios/
SCRAPING TIMING | stage=http_slowest | rank=4 | seconds=11.576 | url=https://stock.importacionesfacundo.com/categoria-producto/maquinas-de-sublimacion/
SCRAPING TIMING | stage=http_slowest | rank=5 | seconds=10.961 | url=https://stock.importacionesfacundo.com/categoria-producto/jarros-mug/
SCRAPING TIMING | stage=http_slowest | rank=6 | seconds=10.852 | url=https://stock.importacionesfacundo.com/categoria-producto/resaltadores-publicitarios/
SCRAPING TIMING | stage=http_slowest | rank=7 | seconds=10.742 | url=https://stock.importacionesfacundo.com/categoria-producto/micas-para-enmicados/
SCRAPING TIMING | stage=http_slowest | rank=8 | seconds=10.560 | url=https://stock.importacionesfacundo.com/categoria-producto/tecnologia-y-accesorios/
SCRAPING TIMING | stage=http_slowest | rank=9 | seconds=10.231 | url=https://stock.importacionesfacundo.com/categoria-producto/papeleria-grafipapel/
SCRAPING TIMING | stage=http_slowest | rank=10 | seconds=9.279 | url=https://stock.importacionesfacundo.com/categoria-producto/kits-de-herramientas/
SCRAPING TIMING | stage=consolidation | products=366 | seconds=0.000
SCRAPING TIMING | stage=images | products=366 | seconds=5.233
SCRAPING TIMING | stage=mapping | products=366 | seconds=0.003
SCRAPING TIMING | stage=catalog_sync | products=366 | seconds=0.005
SCRAPING TIMING | stage=sync_total | products=366 | seconds=5.243
SCRAPING TIMING | stage=run_total | categories=24 | seconds=77.894
SCRAPING TIMING | stage=category_discovery | categories=24 | seconds=2.395
SCRAPING TIMING | stage=run_start | categories=24
SCRAPING TIMING | stage=category_listing | categories=24 | products=383 | seconds=33.042
SCRAPING TIMING | stage=detail_enrichment | categories=24 | products=383 | seconds=45.042
SCRAPING TIMING | stage=category_extraction | categories=24 | products=383 | seconds=78.086
SCRAPING TIMING | stage=detail_cache | requests=253 | cache_hits=15 | skipped=115 | cache_size=253 | reasons=requested_missing_fields:16,requested_missing_price_hundred:117,requested_missing_price_sample:97,requested_missing_price_thousand:137,requested_missing_prices:140,requested_multiple_or_missing_stock:112,skipped_complete_single_stock:115
SCRAPING TIMING | stage=http | requests=279 | successes=277 | errors=2 | retries=4 | detail_requests=253 | category_requests=26 | other_requests=0 | max_concurrency=20 | http_seconds=1103.841 | slowest_request=15.611
SCRAPING TIMING | stage=http_latency | lt_0_5=0 | 0_5_1=0 | 1_2=15 | 2_5=220 | 5_10=32 | gte_10=12
SCRAPING TIMING | stage=http_slowest | rank=1 | seconds=15.611 | url=https://stock.importacionesfacundo.com/categoria-producto/articulos-personales/
SCRAPING TIMING | stage=http_slowest | rank=2 | seconds=15.015 | url=https://stock.importacionesfacundo.com/categoria-producto/resaltadores-publicitarios/
SCRAPING TIMING | stage=http_slowest | rank=3 | seconds=14.164 | url=https://stock.importacionesfacundo.com/categoria-producto/tecnologia-y-accesorios/
SCRAPING TIMING | stage=http_slowest | rank=4 | seconds=12.398 | url=https://stock.importacionesfacundo.com/categoria-producto/llaveros-y-accesorios/
SCRAPING TIMING | stage=http_slowest | rank=5 | seconds=11.631 | url=https://stock.importacionesfacundo.com/categoria-producto/papeleria-grafipapel/
SCRAPING TIMING | stage=http_slowest | rank=6 | seconds=11.349 | url=https://stock.importacionesfacundo.com/categoria-producto/micas-para-enmicados/
SCRAPING TIMING | stage=http_slowest | rank=7 | seconds=11.323 | url=https://stock.importacionesfacundo.com/categoria-producto/articulos-de-escritorio/
SCRAPING TIMING | stage=http_slowest | rank=8 | seconds=11.278 | url=https://stock.importacionesfacundo.com/categoria-producto/maquinas-de-sublimacion/
SCRAPING TIMING | stage=http_slowest | rank=9 | seconds=10.630 | url=https://stock.importacionesfacundo.com/categoria-producto/porta-tacos-post-it/
SCRAPING TIMING | stage=http_slowest | rank=10 | seconds=10.286 | url=https://stock.importacionesfacundo.com/categoria-producto/insumos-de-sublimacion/
SCRAPING TIMING | stage=consolidation | products=357 | seconds=0.000
SCRAPING TIMING | stage=images | products=357 | seconds=0.363
SCRAPING TIMING | stage=mapping | products=357 | seconds=0.004
SCRAPING TIMING | stage=catalog_sync | products=357 | seconds=0.005
SCRAPING TIMING | stage=sync_total | products=357 | seconds=0.373
SCRAPING TIMING | stage=run_total | categories=24 | seconds=78.462
SCRAPING TIMING | stage=category_discovery | categories=24 | seconds=2.426
SCRAPING TIMING | stage=run_start | categories=24
SCRAPING TIMING | stage=category_listing | categories=24 | products=383 | seconds=22.623
SCRAPING TIMING | stage=detail_enrichment | categories=24 | products=383 | seconds=19.264
SCRAPING TIMING | stage=category_extraction | categories=24 | products=383 | seconds=41.887
SCRAPING TIMING | stage=detail_cache | requests=113 | cache_hits=15 | skipped=255 | cache_size=113 | reasons=requested_missing_fields:16,requested_multiple_or_missing_stock:112,skipped_complete_single_stock:255
SCRAPING TIMING | stage=http | requests=137 | successes=137 | errors=0 | retries=0 | detail_requests=113 | category_requests=24 | other_requests=0 | max_concurrency=20 | http_seconds=582.524 | slowest_request=15.164
SCRAPING TIMING | stage=http_latency | lt_0_5=0 | 0_5_1=0 | 1_2=7 | 2_5=110 | 5_10=6 | gte_10=14
SCRAPING TIMING | stage=http_slowest | rank=1 | seconds=15.164 | url=https://stock.importacionesfacundo.com/categoria-producto/maquinas-de-sublimacion/
SCRAPING TIMING | stage=http_slowest | rank=2 | seconds=14.886 | url=https://stock.importacionesfacundo.com/categoria-producto/llaveros-y-accesorios/
SCRAPING TIMING | stage=http_slowest | rank=3 | seconds=13.720 | url=https://stock.importacionesfacundo.com/categoria-producto/micas-para-enmicados/
SCRAPING TIMING | stage=http_slowest | rank=4 | seconds=13.334 | url=https://stock.importacionesfacundo.com/categoria-producto/jarros-mug/
SCRAPING TIMING | stage=http_slowest | rank=5 | seconds=13.153 | url=https://stock.importacionesfacundo.com/categoria-producto/papeles-fotograficos-koala-paper/
SCRAPING TIMING | stage=http_slowest | rank=6 | seconds=12.180 | url=https://stock.importacionesfacundo.com/categoria-producto/papeleria-grafipapel/
SCRAPING TIMING | stage=http_slowest | rank=7 | seconds=12.119 | url=https://stock.importacionesfacundo.com/categoria-producto/articulos-personales/
SCRAPING TIMING | stage=http_slowest | rank=8 | seconds=11.754 | url=https://stock.importacionesfacundo.com/categoria-producto/tecnologia-y-accesorios/
SCRAPING TIMING | stage=http_slowest | rank=9 | seconds=10.939 | url=https://stock.importacionesfacundo.com/categoria-producto/impresoras-y-consumible-fotograficas-termicas/
SCRAPING TIMING | stage=http_slowest | rank=10 | seconds=10.763 | url=https://stock.importacionesfacundo.com/categoria-producto/articulos-de-escritorio/
SCRAPING TIMING | stage=consolidation | products=357 | seconds=0.000
SCRAPING TIMING | stage=images | products=357 | seconds=0.395
SCRAPING TIMING | stage=mapping | products=357 | seconds=0.003
SCRAPING TIMING | stage=catalog_sync | products=357 | seconds=0.005
SCRAPING TIMING | stage=sync_total | products=357 | seconds=0.405
SCRAPING TIMING | stage=run_total | categories=24 | seconds=42.297
SCRAPING TIMING | stage=category_discovery | categories=24 | seconds=2.455
SCRAPING TIMING | stage=run_start | categories=24
SCRAPING TIMING | stage=category_listing | categories=24 | products=383 | seconds=20.095
SCRAPING TIMING | stage=detail_enrichment | categories=24 | products=383 | seconds=23.095
SCRAPING TIMING | stage=category_extraction | categories=24 | products=383 | seconds=43.191
SCRAPING TIMING | stage=detail_cache | requests=113 | cache_hits=15 | skipped=255 | cache_size=113 | reasons=requested_missing_fields:16,requested_multiple_or_missing_stock:112,skipped_complete_single_stock:255
SCRAPING TIMING | stage=http | requests=137 | successes=137 | errors=0 | retries=0 | detail_requests=113 | category_requests=24 | other_requests=0 | max_concurrency=20 | http_seconds=626.150 | slowest_request=13.988
SCRAPING TIMING | stage=http_latency | lt_0_5=0 | 0_5_1=0 | 1_2=0 | 2_5=94 | 5_10=38 | gte_10=5
SCRAPING TIMING | stage=http_slowest | rank=1 | seconds=13.988 | url=https://stock.importacionesfacundo.com/categoria-producto/insumos-de-sublimacion/
SCRAPING TIMING | stage=http_slowest | rank=2 | seconds=12.856 | url=https://stock.importacionesfacundo.com/categoria-producto/resaltadores-publicitarios/
SCRAPING TIMING | stage=http_slowest | rank=3 | seconds=12.114 | url=https://stock.importacionesfacundo.com/categoria-producto/jarros-mug/
SCRAPING TIMING | stage=http_slowest | rank=4 | seconds=10.618 | url=https://stock.importacionesfacundo.com/categoria-producto/llaveros-y-accesorios/
SCRAPING TIMING | stage=http_slowest | rank=5 | seconds=10.143 | url=https://stock.importacionesfacundo.com/categoria-producto/tecnologia-y-accesorios/
SCRAPING TIMING | stage=http_slowest | rank=6 | seconds=9.949 | url=https://stock.importacionesfacundo.com/categoria-producto/micas-para-enmicados/
SCRAPING TIMING | stage=http_slowest | rank=7 | seconds=9.915 | url=https://stock.importacionesfacundo.com/categoria-producto/plotters-de-corte/
SCRAPING TIMING | stage=http_slowest | rank=8 | seconds=9.903 | url=https://stock.importacionesfacundo.com/categoria-producto/papeles-fotograficos-koala-paper/
SCRAPING TIMING | stage=http_slowest | rank=9 | seconds=9.903 | url=https://stock.importacionesfacundo.com/categoria-producto/porta-tacos-post-it/
SCRAPING TIMING | stage=http_slowest | rank=10 | seconds=9.425 | url=https://stock.importacionesfacundo.com/categoria-producto/maquinas-de-sublimacion/
SCRAPING TIMING | stage=consolidation | products=357 | seconds=0.000
SCRAPING TIMING | stage=images | products=357 | seconds=0.386
SCRAPING TIMING | stage=mapping | products=357 | seconds=0.003
SCRAPING TIMING | stage=catalog_sync | products=357 | seconds=0.005
SCRAPING TIMING | stage=sync_total | products=357 | seconds=0.397
SCRAPING TIMING | stage=run_total | categories=24 | seconds=43.592
SCRAPING TIMING | stage=category_discovery | categories=24 | seconds=1.899
SCRAPING TIMING | stage=run_start | categories=24
SCRAPING TIMING | stage=category_listing | categories=24 | products=383 | seconds=27.219
SCRAPING TIMING | stage=detail_enrichment | categories=24 | products=383 | seconds=8.735
SCRAPING TIMING | stage=category_extraction | categories=24 | products=383 | seconds=35.956
SCRAPING TIMING | stage=detail_cache | requests=26 | cache_hits=0 | skipped=357 | cache_size=26 | reasons=requested_missing_fields:26,skipped_complete_single_stock:357
SCRAPING TIMING | stage=http | requests=52 | successes=50 | errors=2 | retries=4 | detail_requests=26 | category_requests=26 | other_requests=0 | max_concurrency=14 | http_seconds=297.501 | slowest_request=15.218
SCRAPING TIMING | stage=http_latency | lt_0_5=0 | 0_5_1=0 | 1_2=26 | 2_5=3 | 5_10=10 | gte_10=13
SCRAPING TIMING | stage=http_slowest | rank=1 | seconds=15.218 | url=https://stock.importacionesfacundo.com/categoria-producto/insumos-de-sublimacion/
SCRAPING TIMING | stage=http_slowest | rank=2 | seconds=15.084 | url=https://stock.importacionesfacundo.com/categoria-producto/llaveros-y-accesorios/
SCRAPING TIMING | stage=http_slowest | rank=3 | seconds=15.015 | url=https://stock.importacionesfacundo.com/categoria-producto/maquinas-de-sublimacion/
SCRAPING TIMING | stage=http_slowest | rank=4 | seconds=14.052 | url=https://stock.importacionesfacundo.com/categoria-producto/micas-para-enmicados/
SCRAPING TIMING | stage=http_slowest | rank=5 | seconds=13.240 | url=https://stock.importacionesfacundo.com/categoria-producto/articulos-de-playa/
SCRAPING TIMING | stage=http_slowest | rank=6 | seconds=12.528 | url=https://stock.importacionesfacundo.com/categoria-producto/resaltadores-publicitarios/
SCRAPING TIMING | stage=http_slowest | rank=7 | seconds=11.752 | url=https://stock.importacionesfacundo.com/categoria-producto/lapiceros-metalicos/
SCRAPING TIMING | stage=http_slowest | rank=8 | seconds=11.669 | url=https://stock.importacionesfacundo.com/categoria-producto/jarros-mug/
SCRAPING TIMING | stage=http_slowest | rank=9 | seconds=11.660 | url=https://stock.importacionesfacundo.com/categoria-producto/articulos-de-escritorio/
SCRAPING TIMING | stage=http_slowest | rank=10 | seconds=11.561 | url=https://stock.importacionesfacundo.com/categoria-producto/articulos-de-antiestres/
SCRAPING TIMING | stage=consolidation | products=357 | seconds=0.000
SCRAPING TIMING | stage=images | products=357 | seconds=1.073
SCRAPING TIMING | stage=mapping | products=357 | seconds=0.015
SCRAPING TIMING | stage=catalog_sync | products=357 | seconds=0.017
SCRAPING TIMING | stage=sync_total | products=357 | seconds=1.110
SCRAPING TIMING | stage=run_total | categories=24 | seconds=37.085
SCRAPING TIMING | stage=category_discovery | categories=24 | seconds=1.760
SCRAPING TIMING | stage=run_start | categories=24
SCRAPING TIMING | stage=category_listing | categories=24 | products=383 | seconds=18.292
SCRAPING TIMING | stage=detail_enrichment | categories=24 | products=383 | seconds=8.507
SCRAPING TIMING | stage=category_extraction | categories=24 | products=383 | seconds=26.799
SCRAPING TIMING | stage=detail_cache | requests=26 | cache_hits=0 | skipped=357 | cache_size=26 | reasons=requested_missing_fields:26,skipped_complete_single_stock:357
SCRAPING TIMING | stage=http | requests=50 | successes=50 | errors=0 | retries=0 | detail_requests=26 | category_requests=24 | other_requests=0 | max_concurrency=14 | http_seconds=233.598 | slowest_request=13.502
SCRAPING TIMING | stage=http_latency | lt_0_5=0 | 0_5_1=0 | 1_2=24 | 2_5=6 | 5_10=15 | gte_10=5
SCRAPING TIMING | stage=http_slowest | rank=1 | seconds=13.502 | url=https://stock.importacionesfacundo.com/categoria-producto/maquinas-de-sublimacion/
SCRAPING TIMING | stage=http_slowest | rank=2 | seconds=12.975 | url=https://stock.importacionesfacundo.com/categoria-producto/llaveros-y-accesorios/
SCRAPING TIMING | stage=http_slowest | rank=3 | seconds=11.960 | url=https://stock.importacionesfacundo.com/categoria-producto/micas-para-enmicados/
SCRAPING TIMING | stage=http_slowest | rank=4 | seconds=11.361 | url=https://stock.importacionesfacundo.com/categoria-producto/impresoras-y-consumible-fotograficas-termicas/
SCRAPING TIMING | stage=http_slowest | rank=5 | seconds=10.581 | url=https://stock.importacionesfacundo.com/categoria-producto/lapiceros-metalicos/
SCRAPING TIMING | stage=http_slowest | rank=6 | seconds=9.264 | url=https://stock.importacionesfacundo.com/categoria-producto/tecnologia-y-accesorios/
SCRAPING TIMING | stage=http_slowest | rank=7 | seconds=9.191 | url=https://stock.importacionesfacundo.com/categoria-producto/papeleria-grafipapel/
SCRAPING TIMING | stage=http_slowest | rank=8 | seconds=9.179 | url=https://stock.importacionesfacundo.com/categoria-producto/resaltadores-publicitarios/
SCRAPING TIMING | stage=http_slowest | rank=9 | seconds=9.149 | url=https://stock.importacionesfacundo.com/categoria-producto/enmicadoras-laminadoras/
SCRAPING TIMING | stage=http_slowest | rank=10 | seconds=9.073 | url=https://stock.importacionesfacundo.com/categoria-producto/porta-tacos-post-it/
SCRAPING TIMING | stage=consolidation | products=357 | seconds=0.000
SCRAPING TIMING | stage=images | products=357 | seconds=0.386
SCRAPING TIMING | stage=mapping | products=357 | seconds=0.003
SCRAPING TIMING | stage=catalog_sync | products=357 | seconds=0.005
SCRAPING TIMING | stage=sync_total | products=357 | seconds=0.397
SCRAPING TIMING | stage=run_total | categories=24 | seconds=27.200
SCRAPING TIMING | stage=category_discovery | categories=24 | seconds=2.210
SCRAPING TIMING | stage=run_start | categories=24
SCRAPING TIMING | stage=category_listing | categories=24 | products=383 | seconds=20.911
SCRAPING TIMING | stage=detail_enrichment | categories=24 | products=383 | seconds=11.415
SCRAPING TIMING | stage=category_extraction | categories=24 | products=383 | seconds=32.327
SCRAPING TIMING | stage=detail_cache | requests=26 | cache_hits=0 | skipped=357 | cache_size=26 | reasons=requested_missing_fields:26,skipped_complete_single_stock:357
SCRAPING TIMING | stage=http | requests=50 | successes=50 | errors=0 | retries=0 | detail_requests=26 | category_requests=24 | other_requests=0 | max_concurrency=14 | http_seconds=266.614 | slowest_request=14.743
SCRAPING TIMING | stage=http_latency | lt_0_5=0 | 0_5_1=0 | 1_2=21 | 2_5=9 | 5_10=7 | gte_10=13
SCRAPING TIMING | stage=http_slowest | rank=1 | seconds=14.743 | url=https://stock.importacionesfacundo.com/categoria-producto/llaveros-y-accesorios/
SCRAPING TIMING | stage=http_slowest | rank=2 | seconds=14.194 | url=https://stock.importacionesfacundo.com/categoria-producto/maquinas-de-sublimacion/
SCRAPING TIMING | stage=http_slowest | rank=3 | seconds=14.037 | url=https://stock.importacionesfacundo.com/categoria-producto/cocina-mesa-y-hogar/
SCRAPING TIMING | stage=http_slowest | rank=4 | seconds=13.893 | url=https://stock.importacionesfacundo.com/categoria-producto/micas-para-enmicados/
SCRAPING TIMING | stage=http_slowest | rank=5 | seconds=12.929 | url=https://stock.importacionesfacundo.com/categoria-producto/papeleria-grafipapel/
SCRAPING TIMING | stage=http_slowest | rank=6 | seconds=12.321 | url=https://stock.importacionesfacundo.com/categoria-producto/insumos-de-sublimacion/
SCRAPING TIMING | stage=http_slowest | rank=7 | seconds=12.265 | url=https://stock.importacionesfacundo.com/categoria-producto/resaltadores-publicitarios/
SCRAPING TIMING | stage=http_slowest | rank=8 | seconds=12.263 | url=https://stock.importacionesfacundo.com/categoria-producto/papeles-fotograficos-koala-paper/
SCRAPING TIMING | stage=http_slowest | rank=9 | seconds=12.067 | url=https://stock.importacionesfacundo.com/categoria-producto/tecnologia-y-accesorios/
SCRAPING TIMING | stage=http_slowest | rank=10 | seconds=11.278 | url=https://stock.importacionesfacundo.com/categoria-producto/plotters-de-corte/
SCRAPING TIMING | stage=consolidation | products=357 | seconds=0.000
SCRAPING TIMING | stage=images | products=357 | seconds=0.352
SCRAPING TIMING | stage=mapping | products=357 | seconds=0.004
SCRAPING TIMING | stage=catalog_sync | products=357 | seconds=0.005
SCRAPING TIMING | stage=sync_total | products=357 | seconds=0.362
SCRAPING TIMING | stage=run_total | categories=24 | seconds=32.693
SCRAPING TIMING | stage=category_discovery | categories=24 | seconds=1.699
SCRAPING TIMING | stage=run_start | categories=24
SCRAPING TIMING | stage=category_listing | categories=24 | products=383 | seconds=20.016
SCRAPING TIMING | stage=detail_enrichment | categories=24 | products=383 | seconds=11.532
SCRAPING TIMING | stage=category_extraction | categories=24 | products=383 | seconds=31.549
SCRAPING TIMING | stage=detail_cache | requests=26 | cache_hits=0 | skipped=357 | cache_size=26 | reasons=requested_missing_fields:26,skipped_complete_single_stock:357
SCRAPING TIMING | stage=http | requests=50 | successes=50 | errors=0 | retries=0 | detail_requests=26 | category_requests=24 | other_requests=0 | max_concurrency=14 | http_seconds=252.073 | slowest_request=14.076
SCRAPING TIMING | stage=http_latency | lt_0_5=0 | 0_5_1=0 | 1_2=16 | 2_5=13 | 5_10=13 | gte_10=8
SCRAPING TIMING | stage=http_slowest | rank=1 | seconds=14.076 | url=https://stock.importacionesfacundo.com/categoria-producto/insumos-de-sublimacion/
SCRAPING TIMING | stage=http_slowest | rank=2 | seconds=12.176 | url=https://stock.importacionesfacundo.com/categoria-producto/maquinas-de-sublimacion/
SCRAPING TIMING | stage=http_slowest | rank=3 | seconds=11.799 | url=https://stock.importacionesfacundo.com/categoria-producto/llaveros-y-accesorios/
SCRAPING TIMING | stage=http_slowest | rank=4 | seconds=11.381 | url=https://stock.importacionesfacundo.com/categoria-producto/resaltadores-publicitarios/
SCRAPING TIMING | stage=http_slowest | rank=5 | seconds=10.883 | url=https://stock.importacionesfacundo.com/categoria-producto/papeleria-grafipapel/
SCRAPING TIMING | stage=http_slowest | rank=6 | seconds=10.864 | url=https://stock.importacionesfacundo.com/categoria-producto/cocina-mesa-y-hogar/
SCRAPING TIMING | stage=http_slowest | rank=7 | seconds=10.595 | url=https://stock.importacionesfacundo.com/categoria-producto/papeles-fotograficos-koala-paper/
SCRAPING TIMING | stage=http_slowest | rank=8 | seconds=10.568 | url=https://stock.importacionesfacundo.com/categoria-producto/micas-para-enmicados/
SCRAPING TIMING | stage=http_slowest | rank=9 | seconds=9.910 | url=https://stock.importacionesfacundo.com/categoria-producto/articulos-personales/
SCRAPING TIMING | stage=http_slowest | rank=10 | seconds=9.651 | url=https://stock.importacionesfacundo.com/categoria-producto/tecnologia-y-accesorios/
SCRAPING TIMING | stage=consolidation | products=357 | seconds=0.000
SCRAPING TIMING | stage=images | products=357 | seconds=0.356
SCRAPING TIMING | stage=mapping | products=357 | seconds=0.004
SCRAPING TIMING | stage=catalog_sync | products=357 | seconds=0.005
SCRAPING TIMING | stage=sync_total | products=357 | seconds=0.366
SCRAPING TIMING | stage=run_total | categories=24 | seconds=31.918
SCRAPING TIMING | stage=category_discovery | categories=24 | seconds=1.866
SCRAPING TIMING | stage=run_start | categories=24
SCRAPING TIMING | stage=category_listing | categories=24 | products=383 | seconds=22.323
SCRAPING TIMING | stage=detail_enrichment | categories=24 | products=383 | seconds=7.688
SCRAPING TIMING | stage=category_extraction | categories=24 | products=383 | seconds=30.013
SCRAPING TIMING | stage=detail_cache | requests=26 | cache_hits=0 | skipped=357 | cache_size=26 | reasons=requested_missing_code:24,requested_missing_description:18,requested_missing_fields:26,skipped_complete_single_stock:357
SCRAPING TIMING | stage=http | requests=50 | successes=50 | errors=0 | retries=0 | detail_requests=26 | category_requests=24 | other_requests=0 | max_concurrency=16 | http_seconds=274.037 | slowest_request=14.625
SCRAPING TIMING | stage=http_latency | lt_0_5=0 | 0_5_1=0 | 1_2=26 | 2_5=2 | 5_10=10 | gte_10=12
SCRAPING TIMING | stage=http_slowest | rank=1 | seconds=14.625 | url=https://stock.importacionesfacundo.com/categoria-producto/llaveros-y-accesorios/
SCRAPING TIMING | stage=http_slowest | rank=2 | seconds=13.546 | url=https://stock.importacionesfacundo.com/categoria-producto/papeles-fotograficos-koala-paper/
SCRAPING TIMING | stage=http_slowest | rank=3 | seconds=13.183 | url=https://stock.importacionesfacundo.com/categoria-producto/maquinas-de-sublimacion/
SCRAPING TIMING | stage=http_slowest | rank=4 | seconds=13.137 | url=https://stock.importacionesfacundo.com/categoria-producto/resaltadores-publicitarios/
SCRAPING TIMING | stage=http_slowest | rank=5 | seconds=13.002 | url=https://stock.importacionesfacundo.com/categoria-producto/micas-para-enmicados/
SCRAPING TIMING | stage=http_slowest | rank=6 | seconds=12.820 | url=https://stock.importacionesfacundo.com/categoria-producto/lapiceros-metalicos/
SCRAPING TIMING | stage=http_slowest | rank=7 | seconds=12.612 | url=https://stock.importacionesfacundo.com/categoria-producto/tecnologia-y-accesorios/
SCRAPING TIMING | stage=http_slowest | rank=8 | seconds=12.129 | url=https://stock.importacionesfacundo.com/categoria-producto/jarros-mug/
SCRAPING TIMING | stage=http_slowest | rank=9 | seconds=11.832 | url=https://stock.importacionesfacundo.com/categoria-producto/papeleria-grafipapel/
SCRAPING TIMING | stage=http_slowest | rank=10 | seconds=11.704 | url=https://stock.importacionesfacundo.com/categoria-producto/impresoras-y-consumible-fotograficas-termicas/
SCRAPING TIMING | stage=consolidation | products=357 | seconds=0.000
SCRAPING TIMING | stage=images | products=357 | seconds=0.380
SCRAPING TIMING | stage=mapping | products=357 | seconds=0.003
SCRAPING TIMING | stage=catalog_sync | products=357 | seconds=0.006
SCRAPING TIMING | stage=sync_total | products=357 | seconds=0.392
SCRAPING TIMING | stage=run_total | categories=24 | seconds=30.408
SCRAPING TIMING | stage=category_listing | categories=2 | products=2 | seconds=0.001
SCRAPING TIMING | stage=detail_enrichment | categories=2 | products=2 | seconds=0.000
SCRAPING TIMING | stage=category_extraction | categories=2 | products=2 | seconds=0.002
SCRAPING TIMING | stage=consolidation | products=1 | seconds=0.000
SCRAPING TIMING | stage=images | products=1 | seconds=0.000
SCRAPING TIMING | stage=mapping | products=1 | seconds=0.000
SCRAPING TIMING | stage=catalog_sync | products=1 | seconds=0.000
SCRAPING TIMING | stage=sync_total | products=1 | seconds=0.001
SCRAPING TIMING | category=categoria | products=2 | seconds=0.000
SCRAPING TIMING | stage=persistence | products=2 | seconds=0.000
SCRAPING TIMING | stage=sync_total | products=2 | seconds=0.000
SCRAPING TIMING | stage=run_start | categories=2
SCRAPING TIMING | stage=run_total | categories=2 | seconds=0.001
SCRAPING TIMING | stage=category_discovery | categories=24 | seconds=1.924
SCRAPING TIMING | stage=run_start | categories=24
SCRAPING TIMING | stage=category_listing | categories=24 | products=383 | seconds=28.023
SCRAPING TIMING | stage=detail_enrichment | categories=24 | products=383 | seconds=12.226
SCRAPING TIMING | stage=category_extraction | categories=24 | products=383 | seconds=40.250
SCRAPING TIMING | stage=detail_cache | requests=26 | cache_hits=0 | skipped=357 | cache_size=26 | reasons=requested_missing_code:24,requested_missing_description:18,requested_missing_fields:26,skipped_complete_single_stock:357
SCRAPING TIMING | stage=http | requests=57 | successes=50 | errors=7 | retries=14 | detail_requests=26 | category_requests=31 | other_requests=0 | max_concurrency=20 | http_seconds=364.357 | slowest_request=15.248
SCRAPING TIMING | stage=http_latency | lt_0_5=0 | 0_5_1=0 | 1_2=20 | 2_5=10 | 5_10=13 | gte_10=14
SCRAPING TIMING | stage=http_slowest | rank=1 | seconds=15.248 | url=https://stock.importacionesfacundo.com/categoria-producto/maquinas-de-sublimacion/
SCRAPING TIMING | stage=http_slowest | rank=2 | seconds=15.233 | url=https://stock.importacionesfacundo.com/categoria-producto/llaveros-y-accesorios/
SCRAPING TIMING | stage=http_slowest | rank=3 | seconds=15.221 | url=https://stock.importacionesfacundo.com/categoria-producto/estuches/
SCRAPING TIMING | stage=http_slowest | rank=4 | seconds=15.220 | url=https://stock.importacionesfacundo.com/categoria-producto/jarros-mug/
SCRAPING TIMING | stage=http_slowest | rank=5 | seconds=15.044 | url=https://stock.importacionesfacundo.com/categoria-producto/resaltadores-publicitarios/
SCRAPING TIMING | stage=http_slowest | rank=6 | seconds=15.008 | url=https://stock.importacionesfacundo.com/categoria-producto/porta-tacos-post-it/
SCRAPING TIMING | stage=http_slowest | rank=7 | seconds=15.003 | url=https://stock.importacionesfacundo.com/categoria-producto/plotters-de-corte/
SCRAPING TIMING | stage=http_slowest | rank=8 | seconds=14.897 | url=https://stock.importacionesfacundo.com/categoria-producto/cocina-mesa-y-hogar/
SCRAPING TIMING | stage=http_slowest | rank=9 | seconds=14.474 | url=https://stock.importacionesfacundo.com/categoria-producto/articulos-de-oficina/
SCRAPING TIMING | stage=http_slowest | rank=10 | seconds=14.066 | url=https://stock.importacionesfacundo.com/categoria-producto/tecnologia-y-accesorios/
SCRAPING TIMING | stage=consolidation | products=357 | seconds=0.000
SCRAPING TIMING | stage=images | products=357 | seconds=0.370
SCRAPING TIMING | stage=mapping | products=357 | seconds=0.003
SCRAPING TIMING | stage=catalog_sync | products=357 | seconds=0.006
SCRAPING TIMING | stage=sync_total | products=357 | seconds=0.381
SCRAPING TIMING | stage=run_total | categories=24 | seconds=40.634
SCRAPING TIMING | stage=category_listing | categories=2 | products=2 | seconds=0.001
SCRAPING TIMING | stage=detail_enrichment | categories=2 | products=2 | seconds=0.001
SCRAPING TIMING | stage=category_extraction | categories=2 | products=2 | seconds=0.002
SCRAPING TIMING | stage=consolidation | products=1 | seconds=0.000
SCRAPING TIMING | stage=images | products=1 | seconds=0.000
SCRAPING TIMING | stage=mapping | products=1 | seconds=0.000
SCRAPING TIMING | stage=catalog_sync | products=1 | seconds=0.000
SCRAPING TIMING | stage=sync_total | products=1 | seconds=0.001
SCRAPING TIMING | category=categoria | products=2 | seconds=0.000
SCRAPING TIMING | stage=persistence | products=2 | seconds=0.000
SCRAPING TIMING | stage=sync_total | products=2 | seconds=0.000
SCRAPING TIMING | stage=run_start | categories=2
SCRAPING TIMING | stage=run_total | categories=2 | seconds=0.000
SCRAPING TIMING | stage=category_discovery | categories=24 | seconds=1.914
SCRAPING TIMING | stage=run_start | categories=24
SCRAPING TIMING | stage=category_listing | categories=24 | products=383 | seconds=28.550
SCRAPING TIMING | stage=detail_enrichment | categories=24 | products=383 | seconds=24.790
SCRAPING TIMING | stage=category_extraction | categories=24 | products=383 | seconds=31.112
SCRAPING TIMING | stage=detail_cache | requests=26 | cache_hits=0 | skipped=357 | cache_size=26 | reasons=requested_missing_code:24,requested_missing_description:18,requested_missing_fields:26,skipped_complete_single_stock:357
SCRAPING TIMING | stage=http | requests=51 | successes=50 | errors=1 | retries=2 | detail_requests=26 | category_requests=25 | other_requests=0 | max_concurrency=16 | http_seconds=376.599 | slowest_request=15.254
SCRAPING TIMING | stage=http_latency | lt_0_5=0 | 0_5_1=0 | 1_2=10 | 2_5=7 | 5_10=16 | gte_10=18
SCRAPING TIMING | stage=http_slowest | rank=1 | seconds=15.254 | url=https://stock.importacionesfacundo.com/categoria-producto/llaveros-y-accesorios/
SCRAPING TIMING | stage=http_slowest | rank=2 | seconds=14.432 | url=https://stock.importacionesfacundo.com/categoria-producto/articulos-personales/
SCRAPING TIMING | stage=http_slowest | rank=3 | seconds=13.695 | url=https://stock.importacionesfacundo.com/categoria-producto/lapiceros-ecologicos/
SCRAPING TIMING | stage=http_slowest | rank=4 | seconds=13.632 | url=https://stock.importacionesfacundo.com/categoria-producto/bolsas-mochilas/
SCRAPING TIMING | stage=http_slowest | rank=5 | seconds=13.474 | url=https://stock.importacionesfacundo.com/categoria-producto/micas-para-enmicados/
SCRAPING TIMING | stage=http_slowest | rank=6 | seconds=13.375 | url=https://stock.importacionesfacundo.com/categoria-producto/papeleria-grafipapel/
SCRAPING TIMING | stage=http_slowest | rank=7 | seconds=13.350 | url=https://stock.importacionesfacundo.com/categoria-producto/cocina-mesa-y-hogar/
SCRAPING TIMING | stage=http_slowest | rank=8 | seconds=13.243 | url=https://stock.importacionesfacundo.com/categoria-producto/papeles-fotograficos-koala-paper/
SCRAPING TIMING | stage=http_slowest | rank=9 | seconds=12.954 | url=https://stock.importacionesfacundo.com/categoria-producto/kits-de-herramientas/
SCRAPING TIMING | stage=http_slowest | rank=10 | seconds=12.581 | url=https://stock.importacionesfacundo.com/categoria-producto/maquinas-de-sublimacion/
SCRAPING TIMING | stage=consolidation | products=357 | seconds=0.000
SCRAPING TIMING | stage=images | products=357 | seconds=0.370
SCRAPING TIMING | stage=mapping | products=357 | seconds=0.004
SCRAPING TIMING | stage=catalog_sync | products=357 | seconds=0.006
SCRAPING TIMING | stage=sync_total | products=357 | seconds=0.381
SCRAPING TIMING | stage=run_total | categories=24 | seconds=31.497
SCRAPING TIMING | stage=category_listing | categories=2 | products=2 | seconds=0.002
SCRAPING TIMING | stage=detail_enrichment | categories=2 | products=2 | seconds=0.001
SCRAPING TIMING | stage=category_extraction | categories=2 | products=2 | seconds=0.003
SCRAPING TIMING | stage=consolidation | products=1 | seconds=0.000
SCRAPING TIMING | stage=images | products=1 | seconds=0.000
SCRAPING TIMING | stage=mapping | products=1 | seconds=0.000
SCRAPING TIMING | stage=catalog_sync | products=1 | seconds=0.000
SCRAPING TIMING | stage=sync_total | products=1 | seconds=0.002
SCRAPING TIMING | category=categoria | products=2 | seconds=0.000
SCRAPING TIMING | stage=persistence | products=2 | seconds=0.000
SCRAPING TIMING | stage=sync_total | products=2 | seconds=0.000
SCRAPING TIMING | stage=run_start | categories=2
SCRAPING TIMING | stage=run_total | categories=2 | seconds=0.001
SCRAPING TIMING | stage=category_discovery | categories=24 | seconds=2.343
SCRAPING TIMING | stage=run_start | categories=24
SCRAPING TIMING | stage=category_listing | categories=24 | products=383 | seconds=35.342
SCRAPING TIMING | stage=detail_enrichment | categories=24 | products=383 | seconds=32.742
SCRAPING TIMING | stage=category_extraction | categories=24 | products=383 | seconds=37.026
SCRAPING TIMING | stage=detail_cache | requests=26 | cache_hits=0 | skipped=357 | cache_size=26 | reasons=requested_missing_code:24,requested_missing_description:18,requested_missing_fields:26,skipped_complete_single_stock:357
SCRAPING TIMING | stage=http | requests=57 | successes=50 | errors=7 | retries=14 | detail_requests=26 | category_requests=31 | other_requests=0 | max_concurrency=16 | http_seconds=466.741 | slowest_request=15.320
SCRAPING TIMING | stage=http_latency | lt_0_5=0 | 0_5_1=0 | 1_2=10 | 2_5=7 | 5_10=18 | gte_10=22
SCRAPING TIMING | stage=http_slowest | rank=1 | seconds=15.320 | url=https://stock.importacionesfacundo.com/categoria-producto/jarros-mug/
SCRAPING TIMING | stage=http_slowest | rank=2 | seconds=15.268 | url=https://stock.importacionesfacundo.com/categoria-producto/llaveros-y-accesorios/
SCRAPING TIMING | stage=http_slowest | rank=3 | seconds=15.254 | url=https://stock.importacionesfacundo.com/categoria-producto/articulos-de-escritorio/
SCRAPING TIMING | stage=http_slowest | rank=4 | seconds=15.253 | url=https://stock.importacionesfacundo.com/categoria-producto/articulos-de-oficina/
SCRAPING TIMING | stage=http_slowest | rank=5 | seconds=15.249 | url=https://stock.importacionesfacundo.com/categoria-producto/insumos-de-sublimacion/
SCRAPING TIMING | stage=http_slowest | rank=6 | seconds=15.243 | url=https://stock.importacionesfacundo.com/categoria-producto/papeleria-grafipapel/
SCRAPING TIMING | stage=http_slowest | rank=7 | seconds=15.213 | url=https://stock.importacionesfacundo.com/categoria-producto/papeles-fotograficos-koala-paper/
SCRAPING TIMING | stage=http_slowest | rank=8 | seconds=15.006 | url=https://stock.importacionesfacundo.com/categoria-producto/maquinas-de-sublimacion/
SCRAPING TIMING | stage=http_slowest | rank=9 | seconds=14.879 | url=https://stock.importacionesfacundo.com/categoria-producto/micas-para-enmicados/
SCRAPING TIMING | stage=http_slowest | rank=10 | seconds=14.769 | url=https://stock.importacionesfacundo.com/categoria-producto/plotters-de-corte/
SCRAPING TIMING | stage=consolidation | products=357 | seconds=0.000
SCRAPING TIMING | stage=images | products=357 | seconds=0.576
SCRAPING TIMING | stage=mapping | products=357 | seconds=0.005
SCRAPING TIMING | stage=catalog_sync | products=357 | seconds=0.013
SCRAPING TIMING | stage=sync_total | products=357 | seconds=0.596
SCRAPING TIMING | stage=run_total | categories=24 | seconds=37.631
SCRAPING TIMING | stage=category_listing | categories=2 | products=2 | seconds=0.001
SCRAPING TIMING | stage=detail_enrichment | categories=2 | products=2 | seconds=0.001
SCRAPING TIMING | stage=category_extraction | categories=2 | products=2 | seconds=0.003
SCRAPING TIMING | stage=consolidation | products=1 | seconds=0.000
SCRAPING TIMING | stage=images | products=1 | seconds=0.000
SCRAPING TIMING | stage=mapping | products=1 | seconds=0.000
SCRAPING TIMING | stage=catalog_sync | products=1 | seconds=0.000
SCRAPING TIMING | stage=sync_total | products=1 | seconds=0.002
SCRAPING TIMING | category=categoria | products=2 | seconds=0.000
SCRAPING TIMING | stage=persistence | products=2 | seconds=0.000
SCRAPING TIMING | stage=sync_total | products=2 | seconds=0.000
SCRAPING TIMING | stage=run_start | categories=2
SCRAPING TIMING | stage=run_total | categories=2 | seconds=0.001
SCRAPING TIMING | stage=category_discovery | categories=24 | seconds=2.004
SCRAPING TIMING | stage=run_start | categories=24
SCRAPING TIMING | stage=category_listing | categories=24 | products=383 | seconds=28.301
SCRAPING TIMING | stage=detail_enrichment | categories=24 | products=383 | seconds=26.654
SCRAPING TIMING | stage=category_extraction | categories=24 | products=383 | seconds=30.675
SCRAPING TIMING | stage=detail_cache | requests=26 | cache_hits=0 | skipped=357 | cache_size=26 | reasons=requested_missing_code:24,requested_missing_description:18,requested_missing_fields:26,skipped_complete_single_stock:357
SCRAPING TIMING | stage=http | requests=51 | successes=50 | errors=1 | retries=2 | detail_requests=26 | category_requests=25 | other_requests=0 | max_concurrency=20 | http_seconds=407.385 | slowest_request=15.827
SCRAPING TIMING | stage=http_latency | lt_0_5=0 | 0_5_1=0 | 1_2=9 | 2_5=8 | 5_10=15 | gte_10=19
SCRAPING TIMING | stage=http_slowest | rank=1 | seconds=15.827 | url=https://stock.importacionesfacundo.com/categoria-producto/papeleria-grafipapel/
SCRAPING TIMING | stage=http_slowest | rank=2 | seconds=15.256 | url=https://stock.importacionesfacundo.com/categoria-producto/llaveros-y-accesorios/
SCRAPING TIMING | stage=http_slowest | rank=3 | seconds=15.012 | url=https://stock.importacionesfacundo.com/categoria-producto/resaltadores-publicitarios/
SCRAPING TIMING | stage=http_slowest | rank=4 | seconds=14.795 | url=https://stock.importacionesfacundo.com/categoria-producto/maquinas-de-sublimacion/
SCRAPING TIMING | stage=http_slowest | rank=5 | seconds=14.726 | url=https://stock.importacionesfacundo.com/categoria-producto/impresoras-y-consumible-fotograficas-termicas/
SCRAPING TIMING | stage=http_slowest | rank=6 | seconds=14.075 | url=https://stock.importacionesfacundo.com/categoria-producto/micas-para-enmicados/
SCRAPING TIMING | stage=http_slowest | rank=7 | seconds=13.823 | url=https://stock.importacionesfacundo.com/categoria-producto/lapiceros-metalicos/
SCRAPING TIMING | stage=http_slowest | rank=8 | seconds=13.449 | url=https://stock.importacionesfacundo.com/categoria-producto/papeles-fotograficos-koala-paper/
SCRAPING TIMING | stage=http_slowest | rank=9 | seconds=13.438 | url=https://stock.importacionesfacundo.com/categoria-producto/tecnologia-y-accesorios/
SCRAPING TIMING | stage=http_slowest | rank=10 | seconds=12.674 | url=https://stock.importacionesfacundo.com/categoria-producto/jarros-mug/
SCRAPING TIMING | stage=consolidation | products=357 | seconds=0.000
SCRAPING TIMING | stage=images | products=357 | seconds=1.325
SCRAPING TIMING | stage=mapping | products=357 | seconds=0.013
SCRAPING TIMING | stage=catalog_sync | products=357 | seconds=0.030
SCRAPING TIMING | stage=sync_total | products=357 | seconds=1.373
SCRAPING TIMING | stage=run_total | categories=24 | seconds=32.063
SCRAPING TIMING | stage=category_listing | categories=2 | products=2 | seconds=0.001
SCRAPING TIMING | stage=detail_enrichment | categories=2 | products=2 | seconds=0.001
SCRAPING TIMING | stage=category_extraction | categories=2 | products=2 | seconds=0.003
SCRAPING TIMING | stage=prune_guard | enabled=true | reason=complete | products=2 | categories=2
SCRAPING TIMING | stage=consolidation | products=1 | seconds=0.000
SCRAPING TIMING | stage=images | products=1 | seconds=0.000
SCRAPING TIMING | stage=mapping | products=1 | seconds=0.000
SCRAPING TIMING | stage=catalog_sync | products=1 | seconds=0.000 | prune=true
SCRAPING TIMING | stage=sync_total | products=1 | seconds=0.002
SCRAPING TIMING | category=categoria | products=2 | seconds=0.000
SCRAPING TIMING | stage=persistence | products=2 | seconds=0.000
SCRAPING TIMING | stage=sync_total | products=2 | seconds=0.000
SCRAPING TIMING | stage=missing_code | name=Sin código | url=(sin url)
SCRAPING TIMING | stage=run_start | categories=2
SCRAPING TIMING | stage=run_total | categories=2 | seconds=0.001
SCRAPING TIMING | stage=category_discovery | categories=24 | seconds=2.098
SCRAPING TIMING | stage=run_start | categories=24
SCRAPING TIMING | stage=category_listing | categories=24 | products=383 | seconds=21.294
SCRAPING TIMING | stage=detail_enrichment | categories=24 | products=383 | seconds=19.773
SCRAPING TIMING | stage=category_extraction | categories=24 | products=383 | seconds=23.291
SCRAPING TIMING | stage=detail_cache | requests=31 | cache_hits=0 | skipped=352 | cache_size=31 | reasons=requested_missing_code:29,requested_missing_description:18,requested_missing_fields:31,skipped_complete_single_stock:352
SCRAPING TIMING | stage=http | requests=55 | successes=55 | errors=0 | terminal_errors=0 | retries=0 | detail_requests=31 | category_requests=24 | other_requests=0 | max_concurrency=20 | http_seconds=406.770 | slowest_request=14.453
SCRAPING TIMING | stage=http_latency | lt_0_5=0 | 0_5_1=0 | 1_2=0 | 2_5=16 | 5_10=26 | gte_10=13
SCRAPING TIMING | stage=http_slowest | rank=1 | seconds=14.453 | url=https://stock.importacionesfacundo.com/categoria-producto/jarros-mug/
SCRAPING TIMING | stage=http_slowest | rank=2 | seconds=14.182 | url=https://stock.importacionesfacundo.com/categoria-producto/llaveros-y-accesorios/
SCRAPING TIMING | stage=http_slowest | rank=3 | seconds=14.081 | url=https://stock.importacionesfacundo.com/categoria-producto/papeles-fotograficos-koala-paper/
SCRAPING TIMING | stage=http_slowest | rank=4 | seconds=13.959 | url=https://stock.importacionesfacundo.com/categoria-producto/maquinas-de-sublimacion/
SCRAPING TIMING | stage=http_slowest | rank=5 | seconds=13.427 | url=https://stock.importacionesfacundo.com/categoria-producto/cocina-mesa-y-hogar/
SCRAPING TIMING | stage=http_slowest | rank=6 | seconds=13.377 | url=https://stock.importacionesfacundo.com/categoria-producto/micas-para-enmicados/
SCRAPING TIMING | stage=http_slowest | rank=7 | seconds=12.925 | url=https://stock.importacionesfacundo.com/categoria-producto/papeleria-grafipapel/
SCRAPING TIMING | stage=http_slowest | rank=8 | seconds=12.871 | url=https://stock.importacionesfacundo.com/categoria-producto/resaltadores-publicitarios/
SCRAPING TIMING | stage=http_slowest | rank=9 | seconds=12.004 | url=https://stock.importacionesfacundo.com/categoria-producto/porta-tacos-post-it/
SCRAPING TIMING | stage=http_slowest | rank=10 | seconds=11.974 | url=https://stock.importacionesfacundo.com/categoria-producto/impresoras-y-consumible-fotograficas-termicas/
SCRAPING TIMING | stage=missing_code | name=Antiestrés Cerebro Largo | url=https://stock.importacionesfacundo.com/producto/antiestres-cerebro-largo/
SCRAPING TIMING | stage=missing_code | name=Porta Lapiceros | url=https://stock.importacionesfacundo.com/producto/porta-lapiceros-2/
SCRAPING TIMING | stage=missing_code | name=Porta Lapiceros | url=https://stock.importacionesfacundo.com/producto/porta-lapiceros/
SCRAPING TIMING | stage=missing_code | name=Guillotina Cortadora de Papel – A4 | url=https://stock.importacionesfacundo.com/producto/guillotina-cortadora-de-papel-a4/
SCRAPING TIMING | stage=missing_code | name=Set de Cubiertos Portátil de 3 Piezas con Estuche | url=https://stock.importacionesfacundo.com/producto/set-de-cubiertos-portatil-de-3-piezas-con-estuche/
SCRAPING TIMING | stage=missing_code | name=Set de Cubiertos de Fibra de Trigo de 3 Piezas con Estuche | url=https://stock.importacionesfacundo.com/producto/set-de-cubiertos-de-fibra-de-trigo-de-3-piezas-con-estuche/
SCRAPING TIMING | stage=missing_code | name=Set para Quesos con Tabla de Bambú y 2 Utensilios | url=https://stock.importacionesfacundo.com/producto/set-para-quesos-con-tabla-de-bambu-y-2-utensilios/
SCRAPING TIMING | stage=missing_code | name=Set de 4 Utensilios para Quesos con Mango de Bambú | url=https://stock.importacionesfacundo.com/producto/set-de-4-utensilios-para-quesos-con-mango-de-bambu/
SCRAPING TIMING | stage=missing_code | name=Set para Quesos con Tabla de Bambú en Estuche | url=https://stock.importacionesfacundo.com/producto/set-para-quesos-con-tabla-de-bambu-en-estuche/
SCRAPING TIMING | stage=missing_code | name=Set para Quesos con Tabla Tipo Estuche de Bambú | url=https://stock.importacionesfacundo.com/producto/set-para-quesos-con-tabla-tipo-estuche-de-bambu/
SCRAPING TIMING | stage=missing_code | name=Set para Quesos con Tabla Magnética Plegable de Bambú | url=https://stock.importacionesfacundo.com/producto/set-para-quesos-con-tabla-magnetica-plegable-de-bambu/
SCRAPING TIMING | stage=missing_code | name=Repuesto de Corte Ol381S 5 en 1 – A3 | url=https://stock.importacionesfacundo.com/producto/repuesto-de-corte-ol381s-5-en-1-a3/
SCRAPING TIMING | stage=missing_code | name=Lapicero Bamboo con Touch | url=https://stock.importacionesfacundo.com/producto/lapicero-bamboo-con-touch/
SCRAPING TIMING | stage=missing_code | name=Lapicero Metalico | url=https://stock.importacionesfacundo.com/producto/lapicero-metalico-9/
SCRAPING TIMING | stage=missing_code | name=Dispensador de Bolsas para Mascotas en Forma de Hueso | url=https://stock.importacionesfacundo.com/producto/dispensador-de-bolsas-para-mascotas-en-forma-de-hueso/
SCRAPING TIMING | stage=missing_code | name=Llavero Destapador de Aluminio | url=https://stock.importacionesfacundo.com/producto/llavero-destapador-de-aluminio/
SCRAPING TIMING | stage=missing_code | name=Llavero Linterna LED Cilíndrico de Bambú | url=https://stock.importacionesfacundo.com/producto/llavero-linterna-led-cilindrico-de-bambu/
SCRAPING TIMING | stage=missing_code | name=Llavero Linterna LED con Cuerpo de Bambú | url=https://stock.importacionesfacundo.com/producto/llavero-linterna-led-con-cuerpo-de-bambu/
SCRAPING TIMING | stage=missing_code | name=Llavero Cinta Métrica de 1 Metro con Inserto de Bambú | url=https://stock.importacionesfacundo.com/producto/llavero-cinta-metrica-de-1-metro-con-inserto-de-bambu/
SCRAPING TIMING | stage=missing_code | name=Llavero Métalico Rectangular con Correa | url=https://stock.importacionesfacundo.com/producto/llavero-metalico-rectangular-con-correa/
SCRAPING TIMING | stage=missing_code | name=Llavero Metalico Rectangular con Inserto de Corcho Natural | url=https://stock.importacionesfacundo.com/producto/llavero-metalico-rectangular-con-inserto-de-corcho-natural/
SCRAPING TIMING | stage=missing_code | name=Llavero Metálico con Forma de Auto con Inserto de Bambú | url=https://stock.importacionesfacundo.com/producto/llavero-metalico-con-forma-de-auto-con-inserto-de-bambu/
SCRAPING TIMING | stage=missing_code | name=Llavero Metálico Redondo Giratorio con Inserto de Bambú | url=https://stock.importacionesfacundo.com/producto/llavero-metalico-redondo-giratorio-con-inserto-de-bambu/
SCRAPING TIMING | stage=missing_code | name=Maquina Portátil para Tazas 11 oz Freesub | url=https://stock.importacionesfacundo.com/producto/maquina-portatil-para-tazas-11-oz-freesub/
SCRAPING TIMING | stage=missing_code | name=Papel Fotográfico Brillante PAMUNDO 180 GSM A4 – 20 Hojas | url=https://stock.importacionesfacundo.com/producto/papel-fotografico-brillante-pamundo-180-gsm-a4-20-hojas/
SCRAPING TIMING | stage=missing_code | name=Papel Imprimible Para Tatuajes Temporales A4 – 05 Hojas | url=https://stock.importacionesfacundo.com/producto/papel-imprimible-para-tatuajes-temporales-a4-05-hojas/
SCRAPING TIMING | stage=missing_code | name=Papel Fotográfico Brillante Premium 180 GSM A3+ – 20 Hojas | url=https://stock.importacionesfacundo.com/producto/papel-fotografico-brillante-premium-180-gsm-a3-20-hojas/
SCRAPING TIMING | stage=missing_code | name=Papel Fotográfico Brillante Adhesivo 115 GSM A4 – 100 Hojas | url=https://stock.importacionesfacundo.com/producto/papel-fotografico-brillante-adhesivo-115-gsm-a4-100-hojas/
SCRAPING TIMING | stage=missing_code | name=Papel Fotográfico Brillante Adhesivo 115 GSM A3 – 20 Hojas | url=https://stock.importacionesfacundo.com/producto/papel-fotografico-brillante-adhesivo-115-gsm-a3-20-hojas/
SCRAPING TIMING | stage=prune_guard | enabled=false | reason=missing_codes:29 | products=383 | categories=24
SCRAPING TIMING | stage=consolidation | products=351 | seconds=0.000
SCRAPING TIMING | stage=images | products=351 | seconds=2.512
SCRAPING TIMING | stage=mapping | products=351 | seconds=0.004
SCRAPING TIMING | stage=catalog_sync | products=351 | seconds=0.009 | prune=false
SCRAPING TIMING | stage=sync_total | products=351 | seconds=2.528
SCRAPING TIMING | stage=run_total | categories=24 | seconds=25.837
SCRAPING TIMING | stage=category_listing | categories=2 | products=2 | seconds=0.002
SCRAPING TIMING | stage=detail_enrichment | categories=2 | products=2 | seconds=0.001
SCRAPING TIMING | stage=category_extraction | categories=2 | products=2 | seconds=0.003
SCRAPING TIMING | stage=prune_guard | enabled=true | reason=complete | products=2 | categories=2
SCRAPING TIMING | stage=consolidation | products=1 | seconds=0.000
SCRAPING TIMING | stage=images | products=1 | seconds=0.000
SCRAPING TIMING | stage=mapping | products=1 | seconds=0.000
SCRAPING TIMING | stage=catalog_sync | products=1 | seconds=0.000 | prune=true
SCRAPING TIMING | stage=sync_total | products=1 | seconds=0.001
SCRAPING TIMING | category=categoria | products=2 | seconds=0.000
SCRAPING TIMING | stage=persistence | products=2 | seconds=0.000
SCRAPING TIMING | stage=sync_total | products=2 | seconds=0.000
SCRAPING TIMING | stage=missing_code | name=Sin código | url=(sin url)
SCRAPING TIMING | stage=run_start | categories=2
SCRAPING TIMING | stage=run_total | categories=2 | seconds=0.001
SCRAPING TIMING | stage=category_discovery | categories=24 | seconds=1.795
SCRAPING TIMING | stage=run_start | categories=24
SCRAPING TIMING | stage=category_listing | categories=24 | products=383 | seconds=25.707
SCRAPING TIMING | stage=detail_enrichment | categories=24 | products=383 | seconds=24.178
SCRAPING TIMING | stage=category_extraction | categories=24 | products=383 | seconds=28.058
SCRAPING TIMING | stage=detail_cache | requests=21 | cache_hits=0 | skipped=362 | cache_size=21 | reasons=requested_missing_code:3,requested_missing_description:18,requested_missing_fields:21,skipped_complete_single_stock:362
SCRAPING TIMING | stage=http | requests=46 | successes=45 | errors=1 | terminal_errors=0 | retries=2 | detail_requests=21 | category_requests=25 | other_requests=0 | max_concurrency=20 | http_seconds=350.527 | slowest_request=15.266
SCRAPING TIMING | stage=http_latency | lt_0_5=0 | 0_5_1=0 | 1_2=8 | 2_5=3 | 5_10=21 | gte_10=14
SCRAPING TIMING | stage=http_slowest | rank=1 | seconds=15.266 | url=https://stock.importacionesfacundo.com/categoria-producto/llaveros-y-accesorios/
SCRAPING TIMING | stage=http_slowest | rank=2 | seconds=13.685 | url=https://stock.importacionesfacundo.com/categoria-producto/papeleria-grafipapel/
SCRAPING TIMING | stage=http_slowest | rank=3 | seconds=13.648 | url=https://stock.importacionesfacundo.com/categoria-producto/maquinas-de-sublimacion/
SCRAPING TIMING | stage=http_slowest | rank=4 | seconds=12.811 | url=https://stock.importacionesfacundo.com/categoria-producto/micas-para-enmicados/
SCRAPING TIMING | stage=http_slowest | rank=5 | seconds=12.798 | url=https://stock.importacionesfacundo.com/categoria-producto/papeles-fotograficos-koala-paper/
SCRAPING TIMING | stage=http_slowest | rank=6 | seconds=12.566 | url=https://stock.importacionesfacundo.com/categoria-producto/resaltadores-publicitarios/
SCRAPING TIMING | stage=http_slowest | rank=7 | seconds=12.084 | url=https://stock.importacionesfacundo.com/categoria-producto/insumos-de-sublimacion/
SCRAPING TIMING | stage=http_slowest | rank=8 | seconds=11.775 | url=https://stock.importacionesfacundo.com/categoria-producto/jarros-mug/
SCRAPING TIMING | stage=http_slowest | rank=9 | seconds=11.458 | url=https://stock.importacionesfacundo.com/categoria-producto/lapiceros-metalicos/
SCRAPING TIMING | stage=http_slowest | rank=10 | seconds=11.430 | url=https://stock.importacionesfacundo.com/categoria-producto/porta-tacos-post-it/
SCRAPING TIMING | stage=missing_code | name=Solución Fotográfica Para Eventos (Kit) | url=https://stock.importacionesfacundo.com/producto/solucion-fotografica-para-eventos-kit/
SCRAPING TIMING | stage=missing_code | name=Software Ppmplus – Photoprintme Citizen | url=https://stock.importacionesfacundo.com/producto/software-ppmplus-photoprintme-citizen/
SCRAPING TIMING | stage=missing_code | name=Software Ikiosk Estandar Foto | url=https://stock.importacionesfacundo.com/producto/software-ikiosk-estandar-foto/
SCRAPING TIMING | stage=prune_guard | enabled=false | reason=missing_codes:3 | products=383 | categories=24
SCRAPING TIMING | stage=consolidation | products=378 | seconds=0.000
SCRAPING TIMING | stage=images | products=378 | seconds=10.295
SCRAPING TIMING | stage=mapping | products=378 | seconds=0.005
SCRAPING TIMING | stage=catalog_sync | products=378 | seconds=0.009 | prune=false
SCRAPING TIMING | stage=sync_total | products=378 | seconds=10.311
SCRAPING TIMING | stage=run_total | categories=24 | seconds=38.377
SCRAPING TIMING | stage=category_listing | categories=2 | products=2 | seconds=0.001
SCRAPING TIMING | stage=detail_enrichment | categories=2 | products=2 | seconds=0.001
SCRAPING TIMING | stage=category_extraction | categories=2 | products=2 | seconds=0.003
SCRAPING TIMING | stage=prune_guard | enabled=true | reason=complete | products=2 | categories=2
SCRAPING TIMING | stage=consolidation | products=1 | seconds=0.000
SCRAPING TIMING | stage=images | products=1 | seconds=0.000
SCRAPING TIMING | stage=mapping | products=1 | seconds=0.000
SCRAPING TIMING | stage=catalog_sync | products=1 | seconds=0.000 | prune=true
SCRAPING TIMING | stage=sync_total | products=1 | seconds=0.002
SCRAPING TIMING | category=categoria | products=2 | seconds=0.000
SCRAPING TIMING | stage=persistence | products=2 | seconds=0.000
SCRAPING TIMING | stage=sync_total | products=2 | seconds=0.000
SCRAPING TIMING | stage=missing_code | name=Sin código | url=(sin url)
SCRAPING TIMING | stage=run_start | categories=2
SCRAPING TIMING | stage=run_total | categories=2 | seconds=0.001
SCRAPING TIMING | stage=category_discovery | categories=24 | seconds=1.901
SCRAPING TIMING | stage=run_start | categories=24
SCRAPING TIMING | stage=category_listing | categories=24 | products=383 | seconds=30.853
SCRAPING TIMING | stage=detail_enrichment | categories=24 | products=383 | seconds=28.055
SCRAPING TIMING | stage=category_extraction | categories=24 | products=383 | seconds=31.144
SCRAPING TIMING | stage=detail_cache | requests=21 | cache_hits=0 | skipped=362 | cache_size=21 | reasons=requested_missing_code:3,requested_missing_description:18,requested_missing_fields:21,skipped_complete_single_stock:362
SCRAPING TIMING | stage=http | requests=45 | successes=45 | errors=0 | terminal_errors=0 | retries=0 | detail_requests=21 | category_requests=24 | other_requests=0 | max_concurrency=20 | http_seconds=380.969 | slowest_request=17.624
SCRAPING TIMING | stage=http_latency | lt_0_5=0 | 0_5_1=0 | 1_2=0 | 2_5=9 | 5_10=23 | gte_10=13
SCRAPING TIMING | stage=http_slowest | rank=1 | seconds=17.624 | url=https://stock.importacionesfacundo.com/categoria-producto/resaltadores-publicitarios/
SCRAPING TIMING | stage=http_slowest | rank=2 | seconds=16.098 | url=https://stock.importacionesfacundo.com/categoria-producto/porta-tacos-post-it/
SCRAPING TIMING | stage=http_slowest | rank=3 | seconds=16.048 | url=https://stock.importacionesfacundo.com/categoria-producto/papeles-fotograficos-koala-paper/
SCRAPING TIMING | stage=http_slowest | rank=4 | seconds=15.022 | url=https://stock.importacionesfacundo.com/categoria-producto/micas-para-enmicados/
SCRAPING TIMING | stage=http_slowest | rank=5 | seconds=14.317 | url=https://stock.importacionesfacundo.com/categoria-producto/articulos-personales/
SCRAPING TIMING | stage=http_slowest | rank=6 | seconds=13.892 | url=https://stock.importacionesfacundo.com/categoria-producto/maquinas-de-sublimacion/
SCRAPING TIMING | stage=http_slowest | rank=7 | seconds=12.854 | url=https://stock.importacionesfacundo.com/categoria-producto/tecnologia-y-accesorios/
SCRAPING TIMING | stage=http_slowest | rank=8 | seconds=11.854 | url=https://stock.importacionesfacundo.com/categoria-producto/articulos-de-escritorio/
SCRAPING TIMING | stage=http_slowest | rank=9 | seconds=11.646 | url=https://stock.importacionesfacundo.com/categoria-producto/papeleria-grafipapel/
SCRAPING TIMING | stage=http_slowest | rank=10 | seconds=11.543 | url=https://stock.importacionesfacundo.com/categoria-producto/plotters-de-corte/
SCRAPING TIMING | stage=missing_code | name=Solución Fotográfica Para Eventos (Kit) | url=https://stock.importacionesfacundo.com/producto/solucion-fotografica-para-eventos-kit/
SCRAPING TIMING | stage=missing_code | name=Software Ppmplus – Photoprintme Citizen | url=https://stock.importacionesfacundo.com/producto/software-ppmplus-photoprintme-citizen/
SCRAPING TIMING | stage=missing_code | name=Software Ikiosk Estandar Foto | url=https://stock.importacionesfacundo.com/producto/software-ikiosk-estandar-foto/
SCRAPING TIMING | stage=prune_guard | enabled=false | reason=missing_codes:3 | products=383 | categories=24
SCRAPING TIMING | stage=consolidation | products=378 | seconds=0.001
SCRAPING TIMING | stage=images | products=378 | seconds=34.003
SCRAPING TIMING | stage=mapping | products=378 | seconds=0.025
SCRAPING TIMING | stage=catalog_sync | products=378 | seconds=1.657 | prune=false
SCRAPING TIMING | stage=sync_total | products=378 | seconds=35.903
SCRAPING TIMING | stage=run_total | categories=24 | seconds=67.708
SCRAPING TIMING | stage=category_listing | categories=2 | products=2 | expected=0 | gap=0 | seconds=0.002
SCRAPING TIMING | stage=detail_enrichment | categories=2 | products=2 | seconds=0.001
SCRAPING TIMING | stage=category_extraction | categories=2 | products=2 | expected=0 | gap=0 | seconds=0.004
SCRAPING TIMING | stage=prune_guard | enabled=true | reason=complete | products=2 | categories=2
SCRAPING TIMING | stage=consolidation | products=1 | seconds=0.000
SCRAPING TIMING | stage=images | products=1 | seconds=0.000
SCRAPING TIMING | stage=mapping | products=1 | seconds=0.000
SCRAPING TIMING | stage=catalog_sync | products=1 | seconds=0.000 | prune=true | expected=0 | gap=0
SCRAPING TIMING | stage=sync_total | products=1 | seconds=0.002
SCRAPING TIMING | category=categoria | products=2 | seconds=0.000
SCRAPING TIMING | stage=persistence | products=2 | seconds=0.000
SCRAPING TIMING | stage=sync_total | products=2 | seconds=0.000
SCRAPING TIMING | stage=missing_code | name=Sin código | url=(sin url)
SCRAPING TIMING | stage=run_start | categories=2
SCRAPING TIMING | stage=run_total | categories=2 | seconds=0.001
SCRAPING TIMING | stage=category_discovery | categories=24 | seconds=1.944
SCRAPING TIMING | stage=run_start | categories=24
SCRAPING TIMING | stage=category_listing | categories=24 | products=362 | expected=525 | gap=163 | seconds=21.045
SCRAPING TIMING | stage=detail_enrichment | categories=24 | products=362 | seconds=17.966
SCRAPING TIMING | stage=category_extraction | categories=24 | products=362 | expected=525 | gap=163 | seconds=21.065
SCRAPING TIMING | stage=detail_cache | requests=22 | cache_hits=0 | skipped=340 | cache_size=22 | reasons=requested_missing_code:3,requested_missing_description:18,requested_missing_fields:21,requested_missing_stock:1,skipped_complete_single_stock:340
SCRAPING TIMING | stage=http | requests=46 | successes=46 | errors=0 | terminal_errors=0 | retries=0 | detail_requests=22 | category_requests=24 | other_requests=0 | max_concurrency=20 | http_seconds=356.617 | slowest_request=14.429
SCRAPING TIMING | stage=http_latency | lt_0_5=0 | 0_5_1=0 | 1_2=0 | 2_5=11 | 5_10=24 | gte_10=11
SCRAPING TIMING | stage=http_slowest | rank=1 | seconds=14.429 | url=https://stock.importacionesfacundo.com/categoria-producto/maquinas-de-sublimacion/
SCRAPING TIMING | stage=http_slowest | rank=2 | seconds=13.839 | url=https://stock.importacionesfacundo.com/categoria-producto/cocina-mesa-y-hogar/
SCRAPING TIMING | stage=http_slowest | rank=3 | seconds=13.317 | url=https://stock.importacionesfacundo.com/categoria-producto/micas-para-enmicados/
SCRAPING TIMING | stage=http_slowest | rank=4 | seconds=13.306 | url=https://stock.importacionesfacundo.com/categoria-producto/papeleria-grafipapel/
SCRAPING TIMING | stage=http_slowest | rank=5 | seconds=13.105 | url=https://stock.importacionesfacundo.com/categoria-producto/resaltadores-publicitarios/
SCRAPING TIMING | stage=http_slowest | rank=6 | seconds=12.480 | url=https://stock.importacionesfacundo.com/categoria-producto/articulos-personales/
SCRAPING TIMING | stage=http_slowest | rank=7 | seconds=12.262 | url=https://stock.importacionesfacundo.com/categoria-producto/papeles-fotograficos-koala-paper/
SCRAPING TIMING | stage=http_slowest | rank=8 | seconds=12.125 | url=https://stock.importacionesfacundo.com/categoria-producto/insumos-de-sublimacion/
SCRAPING TIMING | stage=http_slowest | rank=9 | seconds=10.361 | url=https://stock.importacionesfacundo.com/categoria-producto/enmicadoras-laminadoras/
SCRAPING TIMING | stage=http_slowest | rank=10 | seconds=10.213 | url=https://stock.importacionesfacundo.com/categoria-producto/porta-tacos-post-it/
SCRAPING TIMING | stage=missing_code | name=Solución Fotográfica Para Eventos (Kit) | url=https://stock.importacionesfacundo.com/producto/solucion-fotografica-para-eventos-kit/
SCRAPING TIMING | stage=missing_code | name=Software Ppmplus – Photoprintme Citizen | url=https://stock.importacionesfacundo.com/producto/software-ppmplus-photoprintme-citizen/
SCRAPING TIMING | stage=missing_code | name=Software Ikiosk Estandar Foto | url=https://stock.importacionesfacundo.com/producto/software-ikiosk-estandar-foto/
SCRAPING TIMING | stage=prune_guard | enabled=false | reason=missing_codes:3 | products=362 | categories=24
SCRAPING TIMING | stage=consolidation | products=357 | seconds=0.000
SCRAPING TIMING | stage=images | products=357 | seconds=67.265
SCRAPING TIMING | stage=mapping | products=357 | seconds=0.008
SCRAPING TIMING | stage=catalog_sync | products=357 | seconds=0.040 | prune=false | expected=525 | gap=168
SCRAPING TIMING | stage=sync_total | products=357 | seconds=67.316
SCRAPING TIMING | stage=run_total | categories=24 | seconds=88.389
SCRAPING TIMING | stage=category_listing | categories=2 | products=2 | expected=0 | gap=0 | seconds=0.002
SCRAPING TIMING | stage=detail_enrichment | categories=2 | products=2 | seconds=0.001
SCRAPING TIMING | stage=category_extraction | categories=2 | products=2 | expected=0 | gap=0 | seconds=0.003
SCRAPING TIMING | stage=prune_guard | enabled=true | reason=complete | products=2 | categories=2
SCRAPING TIMING | stage=consolidation | products=1 | seconds=0.000
SCRAPING TIMING | stage=images | products=1 | seconds=0.000
SCRAPING TIMING | stage=mapping | products=1 | seconds=0.000
SCRAPING TIMING | stage=catalog_sync | products=1 | seconds=0.000 | prune=true | expected=0 | gap=0
SCRAPING TIMING | stage=sync_total | products=1 | seconds=0.002
SCRAPING TIMING | category=categoria | products=2 | seconds=0.000
SCRAPING TIMING | stage=persistence | products=2 | seconds=0.000
SCRAPING TIMING | stage=sync_total | products=2 | seconds=0.000
SCRAPING TIMING | stage=missing_code | name=Sin código | url=(sin url)
SCRAPING TIMING | stage=run_start | categories=2
SCRAPING TIMING | stage=run_total | categories=2 | seconds=0.001
SCRAPING TIMING | stage=category_discovery | categories=24 | seconds=1.893
SCRAPING TIMING | stage=run_start | categories=24
SCRAPING TIMING | stage=category_listing | categories=24 | products=362 | expected=525 | gap=163 | seconds=27.766
SCRAPING TIMING | stage=detail_enrichment | categories=24 | products=362 | seconds=24.998
SCRAPING TIMING | stage=category_extraction | categories=24 | products=362 | expected=525 | gap=163 | seconds=27.808
SCRAPING TIMING | stage=detail_cache | requests=22 | cache_hits=0 | skipped=340 | cache_size=22 | reasons=requested_missing_code:3,requested_missing_description:18,requested_missing_fields:21,requested_missing_stock:1,skipped_complete_single_stock:340
SCRAPING TIMING | stage=http | requests=47 | successes=46 | errors=1 | terminal_errors=0 | retries=2 | detail_requests=22 | category_requests=25 | other_requests=0 | max_concurrency=20 | http_seconds=389.459 | slowest_request=15.304
SCRAPING TIMING | stage=http_latency | lt_0_5=0 | 0_5_1=0 | 1_2=0 | 2_5=10 | 5_10=23 | gte_10=14
SCRAPING TIMING | stage=http_slowest | rank=1 | seconds=15.304 | url=https://stock.importacionesfacundo.com/categoria-producto/insumos-de-sublimacion/
SCRAPING TIMING | stage=http_slowest | rank=2 | seconds=14.807 | url=https://stock.importacionesfacundo.com/categoria-producto/micas-para-enmicados/
SCRAPING TIMING | stage=http_slowest | rank=3 | seconds=14.550 | url=https://stock.importacionesfacundo.com/categoria-producto/maquinas-de-sublimacion/
SCRAPING TIMING | stage=http_slowest | rank=4 | seconds=14.215 | url=https://stock.importacionesfacundo.com/categoria-producto/llaveros-y-accesorios/
SCRAPING TIMING | stage=http_slowest | rank=5 | seconds=14.002 | url=https://stock.importacionesfacundo.com/categoria-producto/papeles-fotograficos-koala-paper/
SCRAPING TIMING | stage=http_slowest | rank=6 | seconds=13.391 | url=https://stock.importacionesfacundo.com/categoria-producto/resaltadores-publicitarios/
SCRAPING TIMING | stage=http_slowest | rank=7 | seconds=13.357 | url=https://stock.importacionesfacundo.com/categoria-producto/papeleria-grafipapel/
SCRAPING TIMING | stage=http_slowest | rank=8 | seconds=13.115 | url=https://stock.importacionesfacundo.com/categoria-producto/porta-tacos-post-it/
SCRAPING TIMING | stage=http_slowest | rank=9 | seconds=11.717 | url=https://stock.importacionesfacundo.com/categoria-producto/lapiceros-ecologicos/
SCRAPING TIMING | stage=http_slowest | rank=10 | seconds=11.462 | url=https://stock.importacionesfacundo.com/categoria-producto/tecnologia-y-accesorios/
SCRAPING TIMING | stage=missing_code | name=Solución Fotográfica Para Eventos (Kit) | url=https://stock.importacionesfacundo.com/producto/solucion-fotografica-para-eventos-kit/
SCRAPING TIMING | stage=missing_code | name=Software Ppmplus – Photoprintme Citizen | url=https://stock.importacionesfacundo.com/producto/software-ppmplus-photoprintme-citizen/
SCRAPING TIMING | stage=missing_code | name=Software Ikiosk Estandar Foto | url=https://stock.importacionesfacundo.com/producto/software-ikiosk-estandar-foto/
SCRAPING TIMING | stage=prune_guard | enabled=false | reason=missing_codes:3 | products=362 | categories=24
SCRAPING TIMING | stage=consolidation | products=357 | seconds=0.000
SCRAPING TIMING | stage=images | products=357 | seconds=1.496
SCRAPING TIMING | stage=mapping | products=357 | seconds=0.011
SCRAPING TIMING | stage=catalog_sync | products=357 | seconds=0.055 | prune=false | expected=525 | gap=168
SCRAPING TIMING | stage=sync_total | products=357 | seconds=1.568
SCRAPING TIMING | stage=run_total | categories=24 | seconds=29.396
SCRAPING TIMING | stage=category_listing | categories=2 | products=2 | expected=0 | gap=0 | seconds=0.003
SCRAPING TIMING | stage=detail_enrichment | categories=2 | products=2 | seconds=0.001
SCRAPING TIMING | stage=category_extraction | categories=2 | products=2 | expected=0 | gap=0 | seconds=0.005
SCRAPING TIMING | stage=prune_guard | enabled=true | reason=complete | products=2 | categories=2
SCRAPING TIMING | stage=consolidation | products=1 | seconds=0.000
SCRAPING TIMING | stage=images | products=1 | seconds=0.000
SCRAPING TIMING | stage=mapping | products=1 | seconds=0.000
SCRAPING TIMING | stage=catalog_sync | products=1 | seconds=0.000 | prune=true | expected=0 | gap=0
SCRAPING TIMING | stage=sync_total | products=1 | seconds=0.001
SCRAPING TIMING | category=categoria | products=2 | seconds=0.000
SCRAPING TIMING | stage=persistence | products=2 | seconds=0.000
SCRAPING TIMING | stage=sync_total | products=2 | seconds=0.000
SCRAPING TIMING | stage=missing_code | name=Sin código | url=(sin url)
SCRAPING TIMING | stage=run_start | categories=2
SCRAPING TIMING | stage=run_total | categories=2 | seconds=0.001
SCRAPING TIMING | stage=category_discovery | categories=24 | seconds=2.668
SCRAPING TIMING | stage=run_start | categories=24
SCRAPING TIMING | stage=category_listing | categories=24 | products=591 | expected=525 | gap=0 | seconds=74.613
SCRAPING TIMING | stage=detail_enrichment | categories=24 | products=591 | seconds=71.907
SCRAPING TIMING | stage=category_extraction | categories=24 | products=591 | expected=525 | gap=0 | seconds=74.699
SCRAPING TIMING | stage=detail_cache | requests=22 | cache_hits=10 | skipped=559 | cache_size=22 | reasons=requested_missing_code:3,requested_missing_description:27,requested_missing_fields:30,requested_missing_stock:2,skipped_complete_single_stock:559
SCRAPING TIMING | stage=http | requests=59 | successes=56 | errors=3 | terminal_errors=0 | retries=5 | detail_requests=22 | category_requests=37 | other_requests=0 | max_concurrency=20 | http_seconds=542.640 | slowest_request=18.442
SCRAPING TIMING | stage=http_latency | lt_0_5=1 | 0_5_1=0 | 1_2=6 | 2_5=7 | 5_10=19 | gte_10=26
SCRAPING TIMING | stage=http_slowest | rank=1 | seconds=18.442 | url=https://stock.importacionesfacundo.com/categoria-producto/papeleria-grafipapel/
SCRAPING TIMING | stage=http_slowest | rank=2 | seconds=18.235 | url=https://stock.importacionesfacundo.com/categoria-producto/papeles-fotograficos-koala-paper/
SCRAPING TIMING | stage=http_slowest | rank=3 | seconds=17.625 | url=https://stock.importacionesfacundo.com/categoria-producto/llaveros-y-accesorios/page/2/
SCRAPING TIMING | stage=http_slowest | rank=4 | seconds=17.348 | url=https://stock.importacionesfacundo.com/categoria-producto/articulos-de-escritorio/
SCRAPING TIMING | stage=http_slowest | rank=5 | seconds=17.276 | url=https://stock.importacionesfacundo.com/categoria-producto/micas-para-enmicados/
SCRAPING TIMING | stage=http_slowest | rank=6 | seconds=16.772 | url=https://stock.importacionesfacundo.com/categoria-producto/maquinas-de-sublimacion/
SCRAPING TIMING | stage=http_slowest | rank=7 | seconds=16.761 | url=https://stock.importacionesfacundo.com/categoria-producto/articulos-de-antiestres/page/2/
SCRAPING TIMING | stage=http_slowest | rank=8 | seconds=16.448 | url=https://stock.importacionesfacundo.com/categoria-producto/insumos-de-sublimacion/
SCRAPING TIMING | stage=http_slowest | rank=9 | seconds=15.277 | url=https://stock.importacionesfacundo.com/categoria-producto/articulos-personales/
SCRAPING TIMING | stage=http_slowest | rank=10 | seconds=14.798 | url=https://stock.importacionesfacundo.com/categoria-producto/articulos-de-escritorio/page/2/
SCRAPING TIMING | stage=missing_code | name=Solución Fotográfica Para Eventos (Kit) | url=https://stock.importacionesfacundo.com/producto/solucion-fotografica-para-eventos-kit/
SCRAPING TIMING | stage=missing_code | name=Software Ppmplus – Photoprintme Citizen | url=https://stock.importacionesfacundo.com/producto/software-ppmplus-photoprintme-citizen/
SCRAPING TIMING | stage=missing_code | name=Software Ikiosk Estandar Foto | url=https://stock.importacionesfacundo.com/producto/software-ikiosk-estandar-foto/
SCRAPING TIMING | stage=prune_guard | enabled=false | reason=missing_codes:3 | products=591 | categories=24
SCRAPING TIMING | stage=consolidation | products=357 | seconds=0.002
SCRAPING TIMING | stage=images | products=357 | seconds=0.985
SCRAPING TIMING | stage=mapping | products=357 | seconds=0.006
SCRAPING TIMING | stage=catalog_sync | products=357 | seconds=0.032 | prune=false | expected=525 | gap=168
SCRAPING TIMING | stage=sync_total | products=357 | seconds=1.029
SCRAPING TIMING | stage=run_total | categories=24 | seconds=75.742
SCRAPING TIMING | stage=category_listing | categories=2 | products=2 | expected=0 | gap=0 | seconds=0.002
SCRAPING TIMING | stage=detail_enrichment | categories=2 | products=2 | seconds=0.002
SCRAPING TIMING | stage=category_extraction | categories=2 | products=2 | expected=0 | gap=0 | seconds=0.003
SCRAPING TIMING | stage=prune_guard | enabled=true | reason=complete | products=2 | categories=2
SCRAPING TIMING | stage=consolidation | products=1 | seconds=0.000
SCRAPING TIMING | stage=images | products=1 | seconds=0.000
SCRAPING TIMING | stage=mapping | products=1 | seconds=0.000
SCRAPING TIMING | stage=catalog_sync | products=1 | seconds=0.000 | prune=true | expected=0 | gap=0
SCRAPING TIMING | stage=sync_total | products=1 | seconds=0.003
SCRAPING TIMING | category=categoria | products=2 | seconds=0.000
SCRAPING TIMING | stage=persistence | products=2 | seconds=0.000
SCRAPING TIMING | stage=sync_total | products=2 | seconds=0.001
SCRAPING TIMING | stage=missing_code | name=Sin código | url=(sin url)
SCRAPING TIMING | stage=run_start | categories=2
SCRAPING TIMING | stage=run_total | categories=2 | seconds=0.001
SCRAPING TIMING | stage=category_discovery | categories=24 | seconds=3.212
SCRAPING TIMING | stage=run_start | categories=24
SCRAPING TIMING | stage=category_listing | categories=2 | products=2 | expected=0 | gap=0 | seconds=0.004
SCRAPING TIMING | stage=detail_enrichment | categories=2 | products=2 | seconds=0.002
SCRAPING TIMING | stage=category_extraction | categories=2 | products=2 | expected=0 | gap=0 | seconds=0.006
SCRAPING TIMING | stage=prune_guard | enabled=true | reason=complete | products=2 | categories=2
SCRAPING TIMING | stage=consolidation | products=1 | seconds=0.000
SCRAPING TIMING | stage=images | products=1 | seconds=0.000
SCRAPING TIMING | stage=mapping | products=1 | seconds=0.000
SCRAPING TIMING | stage=catalog_sync | products=1 | seconds=0.000 | prune=true | expected=0 | gap=0
SCRAPING TIMING | stage=sync_total | products=1 | seconds=0.002
SCRAPING TIMING | category=categoria | products=2 | seconds=0.000
SCRAPING TIMING | stage=persistence | products=2 | seconds=0.000
SCRAPING TIMING | stage=sync_total | products=2 | seconds=0.000
SCRAPING TIMING | stage=missing_code | name=Sin código | url=(sin url)
SCRAPING TIMING | stage=run_start | categories=2
SCRAPING TIMING | stage=run_total | categories=2 | seconds=0.001
SCRAPING TIMING | stage=category_discovery | categories=24 | seconds=1.891
SCRAPING TIMING | stage=run_start | categories=24
SCRAPING TIMING | stage=category_listing | categories=24 | products=591 | expected=525 | gap=0 | seconds=47.157
SCRAPING TIMING | stage=detail_enrichment | categories=24 | products=591 | seconds=43.564
SCRAPING TIMING | stage=category_extraction | categories=24 | products=591 | expected=525 | gap=0 | seconds=47.208
SCRAPING TIMING | stage=detail_cache | requests=22 | cache_hits=10 | skipped=559 | cache_size=22 | reasons=requested_missing_code:3,requested_missing_description:27,requested_missing_fields:30,requested_missing_stock:2,skipped_complete_single_stock:559
SCRAPING TIMING | stage=http | requests=56 | successes=56 | errors=0 | terminal_errors=0 | retries=0 | detail_requests=22 | category_requests=34 | other_requests=0 | max_concurrency=20 | http_seconds=449.989 | slowest_request=16.499
SCRAPING TIMING | stage=http_latency | lt_0_5=0 | 0_5_1=0 | 1_2=4 | 2_5=9 | 5_10=24 | gte_10=19
SCRAPING TIMING | stage=http_slowest | rank=1 | seconds=16.499 | url=https://stock.importacionesfacundo.com/categoria-producto/articulos-de-antiestres/page/2/
SCRAPING TIMING | stage=http_slowest | rank=2 | seconds=16.383 | url=https://stock.importacionesfacundo.com/categoria-producto/articulos-de-escritorio/page/2/
SCRAPING TIMING | stage=http_slowest | rank=3 | seconds=15.917 | url=https://stock.importacionesfacundo.com/categoria-producto/llaveros-y-accesorios/page/2/
SCRAPING TIMING | stage=http_slowest | rank=4 | seconds=14.424 | url=https://stock.importacionesfacundo.com/categoria-producto/insumos-de-sublimacion/page/2/
SCRAPING TIMING | stage=http_slowest | rank=5 | seconds=13.806 | url=https://stock.importacionesfacundo.com/categoria-producto/jarros-mug/
SCRAPING TIMING | stage=http_slowest | rank=6 | seconds=13.443 | url=https://stock.importacionesfacundo.com/categoria-producto/insumos-de-sublimacion/
SCRAPING TIMING | stage=http_slowest | rank=7 | seconds=13.208 | url=https://stock.importacionesfacundo.com/categoria-producto/maquinas-de-sublimacion/
SCRAPING TIMING | stage=http_slowest | rank=8 | seconds=12.599 | url=https://stock.importacionesfacundo.com/categoria-producto/micas-para-enmicados/
SCRAPING TIMING | stage=http_slowest | rank=9 | seconds=12.344 | url=https://stock.importacionesfacundo.com/categoria-producto/papeleria-grafipapel/
SCRAPING TIMING | stage=http_slowest | rank=10 | seconds=12.305 | url=https://stock.importacionesfacundo.com/categoria-producto/resaltadores-publicitarios/
SCRAPING TIMING | stage=missing_code | name=Solución Fotográfica Para Eventos (Kit) | url=https://stock.importacionesfacundo.com/producto/solucion-fotografica-para-eventos-kit/
SCRAPING TIMING | stage=missing_code | name=Software Ppmplus – Photoprintme Citizen | url=https://stock.importacionesfacundo.com/producto/software-ppmplus-photoprintme-citizen/
SCRAPING TIMING | stage=missing_code | name=Software Ikiosk Estandar Foto | url=https://stock.importacionesfacundo.com/producto/software-ikiosk-estandar-foto/
SCRAPING TIMING | stage=prune_guard | enabled=false | reason=missing_codes:3 | products=591 | categories=24
SCRAPING TIMING | stage=consolidation | products=357 | seconds=0.001
SCRAPING TIMING | stage=images | products=357 | seconds=0.677
SCRAPING TIMING | stage=mapping | products=357 | seconds=0.010
SCRAPING TIMING | stage=catalog_sync | products=357 | seconds=0.018 | prune=false | expected=525 | gap=168
SCRAPING TIMING | stage=sync_total | products=357 | seconds=0.709
SCRAPING TIMING | stage=run_total | categories=24 | seconds=47.926
SCRAPING TIMING | stage=category_listing | categories=2 | products=2 | expected=0 | gap=0 | seconds=0.003
SCRAPING TIMING | stage=detail_enrichment | categories=2 | products=2 | seconds=0.003
SCRAPING TIMING | stage=category_extraction | categories=2 | products=2 | expected=0 | gap=0 | seconds=0.006
SCRAPING TIMING | stage=prune_guard | enabled=true | reason=complete | products=2 | categories=2
SCRAPING TIMING | stage=consolidation | products=1 | seconds=0.000
SCRAPING TIMING | stage=images | products=1 | seconds=0.000
SCRAPING TIMING | stage=mapping | products=1 | seconds=0.000
SCRAPING TIMING | stage=catalog_sync | products=1 | seconds=0.000 | prune=true | expected=0 | gap=0
SCRAPING TIMING | stage=sync_total | products=1 | seconds=0.005
SCRAPING TIMING | category=categoria | products=2 | seconds=0.000
SCRAPING TIMING | stage=persistence | products=2 | seconds=0.000
SCRAPING TIMING | stage=sync_total | products=2 | seconds=0.001
SCRAPING TIMING | stage=missing_code | name=Sin código | url=(sin url)
SCRAPING TIMING | stage=run_start | categories=2
SCRAPING TIMING | stage=run_total | categories=2 | seconds=0.002
SCRAPING TIMING | stage=category_discovery | categories=24 | seconds=2.336
SCRAPING TIMING | stage=run_start | categories=24
SCRAPING TIMING | stage=category_listing | categories=24 | products=591 | expected=525 | gap=0 | seconds=51.664
SCRAPING TIMING | stage=detail_enrichment | categories=24 | products=591 | seconds=46.515
SCRAPING TIMING | stage=category_extraction | categories=24 | products=591 | expected=525 | gap=0 | seconds=51.723
SCRAPING TIMING | stage=detail_cache | requests=22 | cache_hits=10 | skipped=559 | cache_size=22 | reasons=requested_missing_code:3,requested_missing_description:27,requested_missing_fields:30,requested_missing_stock:2,skipped_complete_single_stock:559
SCRAPING TIMING | stage=http | requests=57 | successes=56 | errors=1 | terminal_errors=0 | retries=2 | detail_requests=22 | category_requests=35 | other_requests=0 | max_concurrency=20 | http_seconds=509.008 | slowest_request=17.073
SCRAPING TIMING | stage=http_latency | lt_0_5=0 | 0_5_1=0 | 1_2=5 | 2_5=7 | 5_10=20 | gte_10=25
SCRAPING TIMING | stage=http_slowest | rank=1 | seconds=17.073 | url=https://stock.importacionesfacundo.com/categoria-producto/insumos-de-sublimacion/page/2/
SCRAPING TIMING | stage=http_slowest | rank=2 | seconds=16.144 | url=https://stock.importacionesfacundo.com/categoria-producto/llaveros-y-accesorios/page/2/
SCRAPING TIMING | stage=http_slowest | rank=3 | seconds=15.392 | url=https://stock.importacionesfacundo.com/categoria-producto/articulos-de-escritorio/page/2/
SCRAPING TIMING | stage=http_slowest | rank=4 | seconds=15.363 | url=https://stock.importacionesfacundo.com/categoria-producto/lapiceros-metalicos/
SCRAPING TIMING | stage=http_slowest | rank=5 | seconds=15.096 | url=https://stock.importacionesfacundo.com/categoria-producto/jarros-mug/
SCRAPING TIMING | stage=http_slowest | rank=6 | seconds=14.998 | url=https://stock.importacionesfacundo.com/categoria-producto/articulos-de-antiestres/page/2/
SCRAPING TIMING | stage=http_slowest | rank=7 | seconds=14.684 | url=https://stock.importacionesfacundo.com/categoria-producto/insumos-de-sublimacion/
SCRAPING TIMING | stage=http_slowest | rank=8 | seconds=14.567 | url=https://stock.importacionesfacundo.com/categoria-producto/micas-para-enmicados/
SCRAPING TIMING | stage=http_slowest | rank=9 | seconds=14.405 | url=https://stock.importacionesfacundo.com/categoria-producto/maquinas-de-sublimacion/
SCRAPING TIMING | stage=http_slowest | rank=10 | seconds=14.167 | url=https://stock.importacionesfacundo.com/categoria-producto/papeleria-grafipapel/
SCRAPING TIMING | stage=missing_code | name=Solución Fotográfica Para Eventos (Kit) | url=https://stock.importacionesfacundo.com/producto/solucion-fotografica-para-eventos-kit/
SCRAPING TIMING | stage=missing_code | name=Software Ppmplus – Photoprintme Citizen | url=https://stock.importacionesfacundo.com/producto/software-ppmplus-photoprintme-citizen/
SCRAPING TIMING | stage=missing_code | name=Software Ikiosk Estandar Foto | url=https://stock.importacionesfacundo.com/producto/software-ikiosk-estandar-foto/
SCRAPING TIMING | stage=prune_guard | enabled=false | reason=missing_codes:3 | products=591 | categories=24
SCRAPING TIMING | stage=consolidation | products=357 | seconds=0.001
SCRAPING TIMING | stage=images | products=357 | seconds=0.688
SCRAPING TIMING | stage=mapping | products=357 | seconds=0.007
SCRAPING TIMING | stage=catalog_sync | products=357 | seconds=0.021 | prune=false | expected=525 | gap=168
SCRAPING TIMING | stage=sync_total | products=357 | seconds=0.720
SCRAPING TIMING | stage=run_total | categories=24 | seconds=52.453
SCRAPING TIMING | stage=category_listing | categories=2 | products=2 | expected=0 | gap=0 | seconds=0.004
SCRAPING TIMING | stage=detail_enrichment | categories=2 | products=2 | seconds=0.003
SCRAPING TIMING | stage=category_extraction | categories=2 | products=2 | expected=0 | gap=0 | seconds=0.008
SCRAPING TIMING | stage=prune_guard | enabled=true | reason=complete | products=2 | categories=2
SCRAPING TIMING | stage=consolidation | products=1 | seconds=0.000
SCRAPING TIMING | stage=images | products=1 | seconds=0.000
SCRAPING TIMING | stage=mapping | products=1 | seconds=0.000
SCRAPING TIMING | stage=catalog_sync | products=1 | seconds=0.000 | prune=true | expected=0 | gap=0
SCRAPING TIMING | stage=sync_total | products=1 | seconds=0.005
SCRAPING TIMING | category=categoria | products=2 | seconds=0.000
SCRAPING TIMING | stage=persistence | products=2 | seconds=0.000
SCRAPING TIMING | stage=sync_total | products=2 | seconds=0.001
SCRAPING TIMING | stage=missing_code | name=Sin código | url=(sin url)
SCRAPING TIMING | stage=run_start | categories=2
SCRAPING TIMING | stage=run_total | categories=2 | seconds=0.001
SCRAPING TIMING | stage=category_listing | categories=2 | products=2 | expected=0 | gap=0 | seconds=0.002
SCRAPING TIMING | stage=detail_enrichment | categories=2 | products=2 | seconds=0.001
SCRAPING TIMING | stage=category_extraction | categories=2 | products=2 | expected=0 | gap=0 | seconds=0.003
SCRAPING TIMING | stage=prune_guard | enabled=true | reason=complete | products=2 | categories=2
SCRAPING TIMING | stage=consolidation | products=1 | seconds=0.000
SCRAPING TIMING | stage=images | products=1 | seconds=0.000
SCRAPING TIMING | stage=mapping | products=1 | seconds=0.000
SCRAPING TIMING | stage=catalog_sync | products=1 | seconds=0.000 | prune=true | expected=0 | gap=0
SCRAPING TIMING | stage=sync_total | products=1 | seconds=0.002
SCRAPING TIMING | category=categoria | products=2 | seconds=0.000
SCRAPING TIMING | stage=persistence | products=2 | seconds=0.000
SCRAPING TIMING | stage=sync_total | products=2 | seconds=0.001
SCRAPING TIMING | stage=missing_code | name=Sin código | url=(sin url)
SCRAPING TIMING | stage=run_start | categories=2
SCRAPING TIMING | stage=run_total | categories=2 | seconds=0.001
SCRAPING TIMING | stage=category_listing | categories=2 | products=2 | expected=0 | gap=0 | seconds=0.002
SCRAPING TIMING | stage=detail_enrichment | categories=2 | products=2 | seconds=0.001
SCRAPING TIMING | stage=category_extraction | categories=2 | products=2 | expected=0 | gap=0 | seconds=0.003
SCRAPING TIMING | stage=prune_guard | enabled=true | reason=complete | products=2 | categories=2
SCRAPING TIMING | stage=consolidation | products=1 | seconds=0.000
SCRAPING TIMING | stage=images | products=1 | seconds=0.000
SCRAPING TIMING | stage=mapping | products=1 | seconds=0.000
SCRAPING TIMING | stage=catalog_sync | products=1 | seconds=0.000 | prune=true | expected=0 | gap=0
SCRAPING TIMING | stage=sync_total | products=1 | seconds=0.003
SCRAPING TIMING | category=categoria | products=2 | seconds=0.000
SCRAPING TIMING | stage=persistence | products=2 | seconds=0.000
SCRAPING TIMING | stage=sync_total | products=2 | seconds=0.001
SCRAPING TIMING | stage=missing_code | name=Sin código | url=(sin url)
SCRAPING TIMING | stage=run_start | categories=2
SCRAPING TIMING | stage=run_total | categories=2 | seconds=0.001
SCRAPING TIMING | stage=category_listing | categories=2 | products=2 | expected_category_occurrences=0 | occurrence_gap=0 | seconds=0.004
SCRAPING TIMING | stage=detail_enrichment | categories=2 | products=2 | seconds=0.003
SCRAPING TIMING | stage=category_extraction | categories=2 | products=2 | expected_category_occurrences=0 | occurrence_gap=0 | seconds=0.007
SCRAPING TIMING | stage=prune_guard | enabled=true | reason=complete | products=2 | categories=2
SCRAPING TIMING | stage=consolidation | products=1 | seconds=0.000
SCRAPING TIMING | stage=images | products=1 | seconds=0.000
SCRAPING TIMING | stage=mapping | products=1 | seconds=0.000
SCRAPING TIMING | category=categoria | products=2 | seconds=0.000
SCRAPING TIMING | stage=missing_code | name=Sin código | url=(sin url)
SCRAPING TIMING | stage=run_start | categories=2
SCRAPING TIMING | stage=run_total | categories=2 | seconds=0.001
SCRAPING TIMING | stage=category_listing | categories=2 | products=2 | expected_category_occurrences=0 | occurrence_gap=0 | seconds=0.002
SCRAPING TIMING | stage=category_extraction | categories=2 | products=2 | expected_category_occurrences=0 | occurrence_gap=0 | seconds=0.003
SCRAPING TIMING | stage=prune_guard | enabled=false | reason=unique_expected_count_unknown | products=2 | categories=2
SCRAPING TIMING | stage=consolidation | products=1 | seconds=0.000
SCRAPING TIMING | stage=images | products=1 | seconds=0.000
SCRAPING TIMING | stage=mapping | products=1 | seconds=0.000
SCRAPING TIMING | stage=catalog_sync | products=1 | seconds=0.000 | prune=false | expected_unique=unknown | unique=1 | gap=0
SCRAPING TIMING | stage=sync_total | products=1 | seconds=0.002
SCRAPING TIMING | category=categoria | products=2 | seconds=0.000
SCRAPING TIMING | stage=persistence | products=2 | seconds=0.000
SCRAPING TIMING | stage=sync_total | products=2 | seconds=0.001
SCRAPING TIMING | stage=category_listing | categories=2 | products=2 | expected_category_occurrences=0 | occurrence_gap=0 | seconds=0.001
SCRAPING TIMING | stage=category_extraction | categories=2 | products=2 | expected_category_occurrences=0 | occurrence_gap=0 | seconds=0.002
SCRAPING TIMING | stage=prune_guard | enabled=false | reason=unique_expected_count_unknown | products=2 | categories=2
SCRAPING TIMING | stage=consolidation | products=1 | seconds=0.000
SCRAPING TIMING | stage=images | products=1 | seconds=0.000
SCRAPING TIMING | stage=mapping | products=1 | seconds=0.000
SCRAPING TIMING | stage=catalog_sync | products=1 | seconds=0.000 | prune=false | expected_unique=unknown | unique=1 | gap=0
SCRAPING TIMING | stage=sync_total | products=1 | seconds=0.002
SCRAPING TIMING | category=categoria | products=2 | seconds=0.000
SCRAPING TIMING | stage=persistence | products=2 | seconds=0.000
SCRAPING TIMING | stage=sync_total | products=2 | seconds=0.000
SCRAPING TIMING | stage=category_listing | categories=2 | products=2 | expected_category_occurrences=0 | occurrence_gap=0 | seconds=0.003
SCRAPING TIMING | stage=category_extraction | categories=2 | products=2 | expected_category_occurrences=0 | occurrence_gap=0 | seconds=0.005
SCRAPING TIMING | stage=prune_guard | enabled=false | reason=unique_expected_count_unknown | products=2 | categories=2
SCRAPING TIMING | stage=consolidation | products=1 | seconds=0.000
SCRAPING TIMING | stage=images | products=1 | seconds=0.000
SCRAPING TIMING | stage=mapping | products=1 | seconds=0.000
SCRAPING TIMING | stage=catalog_sync | products=1 | seconds=0.000 | prune=false | expected_unique=unknown | unique=1 | gap=0
SCRAPING TIMING | stage=sync_total | products=1 | seconds=0.004
SCRAPING TIMING | category=categoria | products=2 | seconds=0.000
SCRAPING TIMING | stage=persistence | products=2 | seconds=0.000
SCRAPING TIMING | stage=sync_total | products=2 | seconds=0.001
SCRAPING TIMING | stage=missing_code | name=Sin código | url=(sin url)
SCRAPING TIMING | stage=run_start | categories=2
SCRAPING TIMING | stage=run_total | categories=2 | seconds=0.001
SCRAPING TIMING | stage=missing_code | name=Sin código | url=(sin url)
SCRAPING TIMING | stage=category_listing | categories=2 | products=2 | expected_category_occurrences=0 | occurrence_gap=0 | seconds=0.004
SCRAPING TIMING | stage=category_extraction | categories=2 | products=2 | expected_category_occurrences=0 | occurrence_gap=0 | seconds=0.006
SCRAPING TIMING | stage=prune_guard | enabled=true | reason=complete | products=2 | categories=2
SCRAPING TIMING | stage=consolidation | products=1 | seconds=0.000
SCRAPING TIMING | stage=images | products=1 | seconds=0.000
SCRAPING TIMING | stage=mapping | products=1 | seconds=0.000
SCRAPING TIMING | stage=catalog_sync | products=1 | seconds=0.000 | prune=false | expected_unique=unknown | unique=1 | gap=0
SCRAPING TIMING | stage=sync_total | products=1 | seconds=0.004
SCRAPING TIMING | category=categoria | products=2 | seconds=0.000
SCRAPING TIMING | stage=persistence | products=2 | seconds=0.000
SCRAPING TIMING | stage=sync_total | products=2 | seconds=0.001
SCRAPING TIMING | stage=missing_code | name=Sin código | url=(sin url)
SCRAPING TIMING | stage=run_start | categories=2
SCRAPING TIMING | stage=run_total | categories=2 | seconds=0.001
SCRAPING TIMING | stage=category_listing | categories=2 | products=2 | expected_category_occurrences=0 | occurrence_gap=0 | seconds=0.001
SCRAPING TIMING | stage=category_extraction | categories=2 | products=2 | expected_category_occurrences=0 | occurrence_gap=0 | seconds=0.002
SCRAPING TIMING | stage=prune_guard | enabled=true | reason=complete | products=2 | categories=2
SCRAPING TIMING | stage=consolidation | products=1 | seconds=0.000
SCRAPING TIMING | stage=images | products=1 | seconds=0.000
SCRAPING TIMING | stage=mapping | products=1 | seconds=0.000
SCRAPING TIMING | stage=catalog_sync | products=1 | seconds=0.000 | prune=true | expected_unique=1 | unique=1 | gap=0
SCRAPING TIMING | stage=sync_total | products=1 | seconds=0.001
SCRAPING TIMING | category=categoria | products=2 | seconds=0.000
SCRAPING TIMING | stage=persistence | products=2 | seconds=0.000
SCRAPING TIMING | stage=sync_total | products=2 | seconds=0.001
SCRAPING TIMING | stage=missing_code | name=Sin código | url=(sin url)
SCRAPING TIMING | stage=run_start | categories=2
SCRAPING TIMING | stage=run_total | categories=2 | seconds=0.001
SCRAPING TIMING | stage=category_discovery | categories=24 | seconds=1.843
SCRAPING TIMING | stage=run_start | categories=24
SCRAPING TIMING | stage=category_listing | categories=24 | products=591 | expected_category_occurrences=525 | occurrence_gap=0 | seconds=45.899
SCRAPING TIMING | stage=category_extraction | categories=24 | products=591 | expected_category_occurrences=525 | occurrence_gap=0 | seconds=45.946
SCRAPING TIMING | stage=detail_cache | requests=22 | cache_hits=10 | skipped=559 | cache_size=22 | reasons=requested_missing_code:3,requested_missing_description:27,requested_missing_fields:30,requested_missing_stock:2,skipped_complete_single_stock:559
SCRAPING TIMING | stage=http | requests=56 | successes=56 | errors=0 | terminal_errors=0 | retries=0 | detail_requests=22 | category_requests=34 | other_requests=0 | max_concurrency=0 | http_seconds=426.239 | slowest_request=17.936
SCRAPING TIMING | stage=missing_code | name=Solución Fotográfica Para Eventos (Kit) | url=https://stock.importacionesfacundo.com/producto/solucion-fotografica-para-eventos-kit/
SCRAPING TIMING | stage=missing_code | name=Software Ppmplus – Photoprintme Citizen | url=https://stock.importacionesfacundo.com/producto/software-ppmplus-photoprintme-citizen/
SCRAPING TIMING | stage=missing_code | name=Software Ikiosk Estandar Foto | url=https://stock.importacionesfacundo.com/producto/software-ikiosk-estandar-foto/
SCRAPING TIMING | stage=prune_guard | enabled=false | reason=missing_codes:3 | products=591 | categories=24
SCRAPING TIMING | stage=consolidation | products=357 | seconds=0.001
SCRAPING TIMING | stage=images | products=357 | seconds=0.671
SCRAPING TIMING | stage=mapping | products=357 | seconds=0.009
SCRAPING TIMING | stage=catalog_sync | products=357 | seconds=0.019 | prune=false | expected_unique=unknown | unique=357 | gap=0
SCRAPING TIMING | stage=sync_total | products=357 | seconds=0.703
SCRAPING TIMING | stage=run_total | categories=24 | seconds=46.653
SCRAPING TIMING | stage=category_listing | categories=2 | products=2 | expected_category_occurrences=0 | occurrence_gap=0 | seconds=0.002
SCRAPING TIMING | stage=category_extraction | categories=2 | products=2 | expected_category_occurrences=0 | occurrence_gap=0 | seconds=0.003
SCRAPING TIMING | stage=prune_guard | enabled=true | reason=complete | products=2 | categories=2
SCRAPING TIMING | stage=consolidation | products=1 | seconds=0.000
SCRAPING TIMING | stage=images | products=1 | seconds=0.000
SCRAPING TIMING | stage=mapping | products=1 | seconds=0.000
SCRAPING TIMING | stage=catalog_sync | products=1 | seconds=0.000 | prune=true | expected_unique=1 | unique=1 | gap=0
SCRAPING TIMING | stage=sync_total | products=1 | seconds=0.002
SCRAPING TIMING | stage=category_coverage | category=Jarros | products=1 | unique=1
SCRAPING TIMING | stage=category_coverage | category=Promocionales | products=1 | unique=1
SCRAPING TIMING | stage=multi_category_coverage | products=1 | categories=2
SCRAPING TIMING | category=categoria | products=2 | seconds=0.000
SCRAPING TIMING | stage=persistence | products=2 | seconds=0.000
SCRAPING TIMING | stage=sync_total | products=2 | seconds=0.001
SCRAPING TIMING | stage=missing_code | name=Sin código | url=(sin url)
SCRAPING TIMING | stage=run_start | categories=2
SCRAPING TIMING | stage=run_total | categories=2 | seconds=0.001
SCRAPING TIMING | stage=category_discovery | categories=24 | seconds=2.331
SCRAPING TIMING | stage=run_start | categories=24
SCRAPING TIMING | stage=category_listing | categories=24 | products=591 | expected_category_occurrences=525 | occurrence_gap=0 | seconds=52.470
SCRAPING TIMING | stage=category_extraction | categories=24 | products=591 | expected_category_occurrences=525 | occurrence_gap=0 | seconds=52.573
SCRAPING TIMING | stage=detail_cache | requests=22 | cache_hits=10 | skipped=559 | cache_size=22 | reasons=requested_missing_code:3,requested_missing_description:27,requested_missing_fields:30,requested_missing_stock:2,skipped_complete_single_stock:559
SCRAPING TIMING | stage=http | requests=58 | successes=56 | errors=2 | terminal_errors=0 | retries=4 | detail_requests=22 | category_requests=36 | other_requests=0 | max_concurrency=0 | http_seconds=536.833 | slowest_request=19.222
SCRAPING TIMING | stage=missing_code | name=Solución Fotográfica Para Eventos (Kit) | url=https://stock.importacionesfacundo.com/producto/solucion-fotografica-para-eventos-kit/
SCRAPING TIMING | stage=missing_code | name=Software Ppmplus – Photoprintme Citizen | url=https://stock.importacionesfacundo.com/producto/software-ppmplus-photoprintme-citizen/
SCRAPING TIMING | stage=missing_code | name=Software Ikiosk Estandar Foto | url=https://stock.importacionesfacundo.com/producto/software-ikiosk-estandar-foto/
SCRAPING TIMING | stage=prune_guard | enabled=false | reason=missing_codes:3 | products=591 | categories=24
SCRAPING TIMING | stage=consolidation | products=357 | seconds=0.001
SCRAPING TIMING | stage=images | products=357 | seconds=2.892
SCRAPING TIMING | stage=mapping | products=357 | seconds=0.005
SCRAPING TIMING | stage=catalog_sync | products=357 | seconds=0.019 | prune=false | expected_unique=unknown | unique=357 | gap=0
SCRAPING TIMING | stage=sync_total | products=357 | seconds=2.935
SCRAPING TIMING | stage=category_coverage | category=Articulos De Antiestres | products=11 | unique=11
SCRAPING TIMING | stage=category_coverage | category=Articulos De Escritorio | products=12 | unique=12
SCRAPING TIMING | stage=category_coverage | category=Articulos De Oficina | products=7 | unique=7
SCRAPING TIMING | stage=category_coverage | category=Articulos De Playa | products=1 | unique=1
SCRAPING TIMING | stage=category_coverage | category=Articulos Personales | products=5 | unique=5
SCRAPING TIMING | stage=category_coverage | category=Artículos Antiestrés | products=25 | unique=25
SCRAPING TIMING | stage=category_coverage | category=Artículos de Escritorio | products=25 | unique=25
SCRAPING TIMING | stage=category_coverage | category=Artículos de Oficina | products=12 | unique=12
SCRAPING TIMING | stage=category_coverage | category=Artículos de Playa | products=5 | unique=5
SCRAPING TIMING | stage=category_coverage | category=Artículos Personales | products=17 | unique=17
SCRAPING TIMING | stage=category_coverage | category=Bolsas / Mochilas | products=3 | unique=3
SCRAPING TIMING | stage=category_coverage | category=Cocina | products=18 | unique=18
SCRAPING TIMING | stage=category_coverage | category=Cocina Mesa Y Hogar | products=14 | unique=14
SCRAPING TIMING | stage=category_coverage | category=Cocina, Mesa y Hogar | products=0 | unique=0
SCRAPING TIMING | stage=category_coverage | category=Enmicadoras / Laminadoras | products=9 | unique=9
SCRAPING TIMING | stage=category_coverage | category=Enmicadoras Laminadoras | products=9 | unique=9
SCRAPING TIMING | stage=category_coverage | category=Estuches | products=8 | unique=8
SCRAPING TIMING | stage=category_coverage | category=Impresoras Y Consumible Fotograficas Termicas | products=11 | unique=11
SCRAPING TIMING | stage=category_coverage | category=Impresoras y Consumible Fotográficas Térmicas | products=11 | unique=11
SCRAPING TIMING | stage=category_coverage | category=Insumos De Sublimacion | products=16 | unique=16
SCRAPING TIMING | stage=category_coverage | category=Insumos de Sublimación | products=25 | unique=25
SCRAPING TIMING | stage=category_coverage | category=Jarros Mug | products=19 | unique=19
SCRAPING TIMING | stage=category_coverage | category=Kits de Herramientas | products=0 | unique=0
SCRAPING TIMING | stage=category_coverage | category=Kits De Herramientas | products=2 | unique=2
SCRAPING TIMING | stage=category_coverage | category=Lapiceros Ecologicos | products=4 | unique=4
SCRAPING TIMING | stage=category_coverage | category=Lapiceros Metalicos | products=2 | unique=2
SCRAPING TIMING | stage=category_coverage | category=Lapiceros Metálicos | products=10 | unique=10
SCRAPING TIMING | stage=category_coverage | category=Llaveros y Accesorios | products=12 | unique=12
SCRAPING TIMING | stage=category_coverage | category=Llaveros Y Accesorios | products=14 | unique=14
SCRAPING TIMING | stage=category_coverage | category=Maquinas De Sublimacion | products=4 | unique=4
SCRAPING TIMING | stage=category_coverage | category=Mesa y Hogar | products=18 | unique=18
SCRAPING TIMING | stage=category_coverage | category=Micas Para Enmicados | products=25 | unique=25
SCRAPING TIMING | stage=category_coverage | category=Micas para Enmicados | products=0 | unique=0
SCRAPING TIMING | stage=category_coverage | category=Máquinas de Sublimación | products=4 | unique=4
SCRAPING TIMING | stage=category_coverage | category=Papeleria Grafipapel | products=22 | unique=22
SCRAPING TIMING | stage=category_coverage | category=Papelería Grafipapel | products=23 | unique=23
SCRAPING TIMING | stage=category_coverage | category=Papeles Fotograficos Koala Paper | products=9 | unique=9
SCRAPING TIMING | stage=category_coverage | category=Papeles Fotográficos Koala Paper | products=25 | unique=25
SCRAPING TIMING | stage=category_coverage | category=Plotters De Corte | products=14 | unique=14
SCRAPING TIMING | stage=category_coverage | category=Plotters de Corte | products=1 | unique=1
SCRAPING TIMING | stage=category_coverage | category=Porta Tacos Post It | products=10 | unique=10
SCRAPING TIMING | stage=category_coverage | category=Porta Tacos Post-It | products=15 | unique=15
SCRAPING TIMING | stage=category_coverage | category=Resaltadores Publicitarios | products=21 | unique=21
SCRAPING TIMING | stage=category_coverage | category=Tecnologia Y Accesorios | products=9 | unique=9
SCRAPING TIMING | stage=category_coverage | category=Tecnologia y Accesorios | products=4 | unique=4
SCRAPING TIMING | stage=multi_category_coverage | products=136 | categories=45
SCRAPING TIMING | stage=run_total | categories=24 | seconds=55.713
SCRAPING TIMING | stage=category_listing | categories=2 | products=2 | expected_category_occurrences=0 | occurrence_gap=0 | seconds=0.003
SCRAPING TIMING | stage=category_extraction | categories=2 | products=2 | expected_category_occurrences=0 | occurrence_gap=0 | seconds=0.005
SCRAPING TIMING | stage=prune_guard | enabled=true | reason=complete | products=2 | categories=2
SCRAPING TIMING | stage=consolidation | products=1 | seconds=0.000
SCRAPING TIMING | stage=images | products=1 | seconds=0.000
SCRAPING TIMING | stage=mapping | products=1 | seconds=0.000
SCRAPING TIMING | stage=catalog_sync | products=1 | seconds=0.000 | prune=true | expected_unique=1 | unique=1 | gap=0
SCRAPING TIMING | stage=sync_total | products=1 | seconds=0.002
SCRAPING TIMING | stage=category_coverage | category=Jarros | products=1 | unique=1
SCRAPING TIMING | stage=category_coverage | category=Promocionales | products=1 | unique=1
SCRAPING TIMING | stage=multi_category_coverage | products=1 | categories=2
SCRAPING TIMING | category=categoria | products=2 | seconds=0.000
SCRAPING TIMING | stage=persistence | products=2 | seconds=0.000
SCRAPING TIMING | stage=sync_total | products=2 | seconds=0.001
SCRAPING TIMING | stage=missing_code | name=Sin código | url=(sin url)
SCRAPING TIMING | stage=run_start | categories=2
SCRAPING TIMING | stage=run_total | categories=2 | seconds=0.000
SCRAPING TIMING | stage=category_listing | categories=2 | products=2 | expected_category_occurrences=0 | occurrence_gap=0 | seconds=0.005
SCRAPING TIMING | stage=category_extraction | categories=2 | products=2 | expected_category_occurrences=0 | occurrence_gap=0 | seconds=0.009
SCRAPING TIMING | stage=prune_guard | enabled=true | reason=complete | products=2 | categories=2
SCRAPING TIMING | stage=consolidation | products=1 | seconds=0.000
SCRAPING TIMING | stage=images | products=1 | seconds=0.000
SCRAPING TIMING | stage=mapping | products=1 | seconds=0.000
SCRAPING TIMING | stage=catalog_sync | products=1 | seconds=0.000 | prune=true | expected_unique=1 | unique=1 | gap=0
SCRAPING TIMING | stage=sync_total | products=1 | seconds=0.006
SCRAPING TIMING | stage=category_coverage | category=Jarros | products=1 | unique=1
SCRAPING TIMING | stage=category_coverage | category=Promocionales | products=1 | unique=1
SCRAPING TIMING | stage=multi_category_coverage | products=1 | categories=2
SCRAPING TIMING | category=categoria | products=2 | seconds=0.000
SCRAPING TIMING | stage=persistence | products=2 | seconds=0.000
SCRAPING TIMING | stage=sync_total | products=2 | seconds=0.001
SCRAPING TIMING | stage=missing_code | name=Sin código | url=(sin url)
SCRAPING TIMING | stage=run_start | categories=2
SCRAPING TIMING | stage=run_total | categories=2 | seconds=0.001
SCRAPING TIMING | stage=category_discovery | categories=24 | seconds=2.352
SCRAPING TIMING | stage=run_start | categories=24
SCRAPING TIMING | stage=category_listing | categories=24 | products=362 | expected_category_occurrences=525 | occurrence_gap=163 | seconds=139.584
SCRAPING TIMING | stage=category_extraction | categories=24 | products=362 | expected_category_occurrences=525 | occurrence_gap=163 | seconds=139.663
SCRAPING TIMING | stage=detail_cache | requests=22 | cache_hits=0 | skipped=340 | cache_size=22 | reasons=requested_missing_code:3,requested_missing_description:18,requested_missing_fields:21,requested_missing_stock:1,skipped_complete_single_stock:340
SCRAPING TIMING | stage=http | requests=89 | successes=76 | errors=13 | terminal_errors=0 | retries=22 | detail_requests=22 | category_requests=67 | other_requests=0 | max_concurrency=0 | http_seconds=910.388 | slowest_request=24.997
SCRAPING TIMING | stage=missing_code | name=Solución Fotográfica Para Eventos (Kit) | url=https://stock.importacionesfacundo.com/producto/solucion-fotografica-para-eventos-kit/
SCRAPING TIMING | stage=missing_code | name=Software Ppmplus – Photoprintme Citizen | url=https://stock.importacionesfacundo.com/producto/software-ppmplus-photoprintme-citizen/
SCRAPING TIMING | stage=missing_code | name=Software Ikiosk Estandar Foto | url=https://stock.importacionesfacundo.com/producto/software-ikiosk-estandar-foto/
SCRAPING TIMING | stage=prune_guard | enabled=false | reason=missing_codes:3 | products=362 | categories=24
SCRAPING TIMING | stage=consolidation | products=357 | seconds=0.000
SCRAPING TIMING | stage=images | products=357 | seconds=1.403
SCRAPING TIMING | stage=mapping | products=357 | seconds=0.014
SCRAPING TIMING | stage=catalog_sync | products=357 | seconds=0.056 | prune=false | expected_unique=unknown | unique=357 | gap=0
SCRAPING TIMING | stage=sync_total | products=357 | seconds=1.479
SCRAPING TIMING | stage=category_coverage | category=Articulos De Antiestres | products=11 | unique=11
SCRAPING TIMING | stage=category_coverage | category=Articulos De Escritorio | products=12 | unique=12
SCRAPING TIMING | stage=category_coverage | category=Articulos De Oficina | products=7 | unique=7
SCRAPING TIMING | stage=category_coverage | category=Articulos De Playa | products=1 | unique=1
SCRAPING TIMING | stage=category_coverage | category=Articulos Personales | products=5 | unique=5
SCRAPING TIMING | stage=category_coverage | category=Artículos Antiestrés | products=25 | unique=25
SCRAPING TIMING | stage=category_coverage | category=Artículos de Escritorio | products=25 | unique=25
SCRAPING TIMING | stage=category_coverage | category=Artículos de Oficina | products=12 | unique=12
SCRAPING TIMING | stage=category_coverage | category=Artículos de Playa | products=5 | unique=5
SCRAPING TIMING | stage=category_coverage | category=Artículos Personales | products=17 | unique=17
SCRAPING TIMING | stage=category_coverage | category=Bolsas / Mochilas | products=3 | unique=3
SCRAPING TIMING | stage=category_coverage | category=Cocina | products=18 | unique=18
SCRAPING TIMING | stage=category_coverage | category=Cocina Mesa Y Hogar | products=14 | unique=14
SCRAPING TIMING | stage=category_coverage | category=Cocina, Mesa y Hogar | products=0 | unique=0
SCRAPING TIMING | stage=category_coverage | category=Enmicadoras / Laminadoras | products=9 | unique=9
SCRAPING TIMING | stage=category_coverage | category=Enmicadoras Laminadoras | products=9 | unique=9
SCRAPING TIMING | stage=category_coverage | category=Estuches | products=8 | unique=8
SCRAPING TIMING | stage=category_coverage | category=Impresoras Y Consumible Fotograficas Termicas | products=11 | unique=11
SCRAPING TIMING | stage=category_coverage | category=Impresoras y Consumible Fotográficas Térmicas | products=11 | unique=11
SCRAPING TIMING | stage=category_coverage | category=Insumos De Sublimacion | products=16 | unique=16
SCRAPING TIMING | stage=category_coverage | category=Insumos de Sublimación | products=25 | unique=25
SCRAPING TIMING | stage=category_coverage | category=Jarros Mug | products=19 | unique=19
SCRAPING TIMING | stage=category_coverage | category=Kits de Herramientas | products=0 | unique=0
SCRAPING TIMING | stage=category_coverage | category=Kits De Herramientas | products=2 | unique=2
SCRAPING TIMING | stage=category_coverage | category=Lapiceros Ecologicos | products=4 | unique=4
SCRAPING TIMING | stage=category_coverage | category=Lapiceros Metalicos | products=2 | unique=2
SCRAPING TIMING | stage=category_coverage | category=Lapiceros Metálicos | products=10 | unique=10
SCRAPING TIMING | stage=category_coverage | category=Llaveros Y Accesorios | products=14 | unique=14
SCRAPING TIMING | stage=category_coverage | category=Llaveros y Accesorios | products=12 | unique=12
SCRAPING TIMING | stage=category_coverage | category=Maquinas De Sublimacion | products=4 | unique=4
SCRAPING TIMING | stage=category_coverage | category=Mesa y Hogar | products=18 | unique=18
SCRAPING TIMING | stage=category_coverage | category=Micas Para Enmicados | products=25 | unique=25
SCRAPING TIMING | stage=category_coverage | category=Micas para Enmicados | products=0 | unique=0
SCRAPING TIMING | stage=category_coverage | category=Máquinas de Sublimación | products=4 | unique=4
SCRAPING TIMING | stage=category_coverage | category=Papeleria Grafipapel | products=22 | unique=22
SCRAPING TIMING | stage=category_coverage | category=Papelería Grafipapel | products=23 | unique=23
SCRAPING TIMING | stage=category_coverage | category=Papeles Fotograficos Koala Paper | products=9 | unique=9
SCRAPING TIMING | stage=category_coverage | category=Papeles Fotográficos Koala Paper | products=25 | unique=25
SCRAPING TIMING | stage=category_coverage | category=Plotters de Corte | products=1 | unique=1
SCRAPING TIMING | stage=category_coverage | category=Plotters De Corte | products=14 | unique=14
SCRAPING TIMING | stage=category_coverage | category=Porta Tacos Post It | products=10 | unique=10
SCRAPING TIMING | stage=category_coverage | category=Porta Tacos Post-It | products=15 | unique=15
SCRAPING TIMING | stage=category_coverage | category=Resaltadores Publicitarios | products=21 | unique=21
SCRAPING TIMING | stage=category_coverage | category=Tecnologia Y Accesorios | products=9 | unique=9
SCRAPING TIMING | stage=category_coverage | category=Tecnologia y Accesorios | products=4 | unique=4
SCRAPING TIMING | stage=multi_category_coverage | products=136 | categories=45
SCRAPING TIMING | stage=run_total | categories=24 | seconds=141.215
SCRAPING TIMING | stage=category_listing | categories=2 | products=2 | expected_category_occurrences=0 | occurrence_gap=0 | seconds=0.001
SCRAPING TIMING | stage=category_extraction | categories=2 | products=2 | expected_category_occurrences=0 | occurrence_gap=0 | seconds=0.002
SCRAPING TIMING | stage=prune_guard | enabled=true | reason=complete | products=2 | categories=2
SCRAPING TIMING | stage=consolidation | products=1 | seconds=0.000
SCRAPING TIMING | stage=images | products=1 | seconds=0.000
SCRAPING TIMING | stage=mapping | products=1 | seconds=0.000
SCRAPING TIMING | stage=catalog_sync | products=1 | seconds=0.000 | prune=true | expected_unique=1 | unique=1 | gap=0
SCRAPING TIMING | stage=sync_total | products=1 | seconds=0.001
SCRAPING TIMING | stage=category_coverage | category=Jarros | products=1 | unique=1
SCRAPING TIMING | stage=category_coverage | category=Promocionales | products=1 | unique=1
SCRAPING TIMING | stage=multi_category_coverage | products=1 | categories=2
SCRAPING TIMING | category=categoria | products=2 | seconds=0.000
SCRAPING TIMING | stage=persistence | products=2 | seconds=0.000
SCRAPING TIMING | stage=sync_total | products=2 | seconds=0.000
SCRAPING TIMING | stage=missing_code | name=Sin código | url=(sin url)
SCRAPING TIMING | stage=run_start | categories=2
SCRAPING TIMING | stage=run_total | categories=2 | seconds=0.000
SCRAPING TIMING | stage=category_discovery | categories=24 | seconds=2.752
SCRAPING TIMING | stage=run_start | categories=24
SCRAPING TIMING | stage=category_listing | categories=2 | products=2 | expected_category_occurrences=0 | occurrence_gap=0 | seconds=0.001
SCRAPING TIMING | stage=category_extraction | categories=2 | products=2 | expected_category_occurrences=0 | occurrence_gap=0 | seconds=0.002
SCRAPING TIMING | stage=prune_guard | enabled=true | reason=complete | products=2 | categories=2
SCRAPING TIMING | stage=consolidation | products=1 | seconds=0.000
SCRAPING TIMING | stage=images | products=1 | seconds=0.000
SCRAPING TIMING | stage=mapping | products=1 | seconds=0.000
SCRAPING TIMING | stage=catalog_sync | products=1 | seconds=0.000 | prune=true | expected_unique=1 | unique=1 | gap=0
SCRAPING TIMING | stage=sync_total | products=1 | seconds=0.001
SCRAPING TIMING | stage=category_coverage | category=Jarros | products=1 | unique=1
SCRAPING TIMING | stage=category_coverage | category=Promocionales | products=1 | unique=1
SCRAPING TIMING | stage=multi_category_coverage | products=1 | categories=2
SCRAPING TIMING | category=categoria | products=2 | seconds=0.000
SCRAPING TIMING | stage=persistence | products=2 | seconds=0.000
SCRAPING TIMING | stage=sync_total | products=2 | seconds=0.000
SCRAPING TIMING | stage=missing_code | name=Sin código | url=(sin url)
SCRAPING TIMING | stage=run_start | categories=2
SCRAPING TIMING | stage=run_total | categories=2 | seconds=0.000
SCRAPING TIMING | stage=category_discovery | categories=24 | seconds=8.734
SCRAPING TIMING | stage=run_start | categories=24
SCRAPING TIMING | stage=category_listing | categories=2 | products=2 | expected_category_occurrences=0 | occurrence_gap=0 | seconds=0.001
SCRAPING TIMING | stage=category_extraction | categories=2 | products=2 | expected_category_occurrences=0 | occurrence_gap=0 | seconds=0.002
SCRAPING TIMING | stage=prune_guard | enabled=true | reason=complete | products=2 | categories=2
SCRAPING TIMING | stage=consolidation | products=1 | seconds=0.000
SCRAPING TIMING | stage=images | products=1 | seconds=0.000
SCRAPING TIMING | stage=mapping | products=1 | seconds=0.000
SCRAPING TIMING | stage=catalog_sync | products=1 | seconds=0.000 | prune=true | expected_unique=1 | unique=1 | gap=0
SCRAPING TIMING | stage=sync_total | products=1 | seconds=0.003
SCRAPING TIMING | stage=category_coverage | category=Jarros | products=1 | unique=1
SCRAPING TIMING | stage=category_coverage | category=Promocionales | products=1 | unique=1
SCRAPING TIMING | stage=multi_category_coverage | products=1 | categories=2
SCRAPING TIMING | category=categoria | products=2 | seconds=0.000
SCRAPING TIMING | stage=persistence | products=2 | seconds=0.000
SCRAPING TIMING | stage=sync_total | products=2 | seconds=0.000
SCRAPING TIMING | stage=missing_code | name=Sin código | url=(sin url)
SCRAPING TIMING | stage=run_start | categories=2
SCRAPING TIMING | stage=run_total | categories=2 | seconds=0.000
SCRAPING TIMING | stage=category_listing | categories=2 | products=2 | expected_category_occurrences=0 | occurrence_gap=0 | seconds=0.001
SCRAPING TIMING | stage=category_extraction | categories=2 | products=2 | expected_category_occurrences=0 | occurrence_gap=0 | seconds=0.002
SCRAPING TIMING | stage=prune_guard | enabled=true | reason=complete | products=2 | categories=2
SCRAPING TIMING | stage=consolidation | products=1 | seconds=0.000
SCRAPING TIMING | stage=images | products=1 | seconds=0.000
SCRAPING TIMING | stage=mapping | products=1 | seconds=0.000
SCRAPING TIMING | stage=catalog_sync | products=1 | seconds=0.000 | prune=true | expected_unique=1 | unique=1 | gap=0
SCRAPING TIMING | stage=sync_total | products=1 | seconds=0.001
SCRAPING TIMING | stage=category_coverage | category=Jarros | products=1 | unique=1
SCRAPING TIMING | stage=category_coverage | category=Promocionales | products=1 | unique=1
SCRAPING TIMING | stage=multi_category_coverage | products=1 | categories=2
SCRAPING TIMING | category=categoria | products=2 | seconds=0.000
SCRAPING TIMING | stage=persistence | products=2 | seconds=0.000
SCRAPING TIMING | stage=sync_total | products=2 | seconds=0.000
SCRAPING TIMING | stage=missing_code | name=Sin código | url=(sin url)
SCRAPING TIMING | stage=run_start | categories=2
SCRAPING TIMING | stage=run_total | categories=2 | seconds=0.000
SCRAPING TIMING | stage=category_discovery | categories=24 | seconds=2.503
SCRAPING TIMING | stage=run_start | categories=24
SCRAPING TIMING | stage=category_listing | categories=24 | products=362 | expected_category_occurrences=525 | occurrence_gap=163 | seconds=132.816
SCRAPING TIMING | stage=category_extraction | categories=24 | products=362 | expected_category_occurrences=525 | occurrence_gap=163 | seconds=132.841
SCRAPING TIMING | stage=detail_cache | requests=22 | cache_hits=0 | skipped=340 | cache_size=22 | reasons=requested_missing_code:3,requested_missing_description:18,requested_missing_fields:21,requested_missing_stock:1,skipped_complete_single_stock:340
SCRAPING TIMING | stage=http | requests=84 | successes=76 | errors=8 | terminal_errors=0 | retries=16 | detail_requests=22 | category_requests=62 | other_requests=0 | max_concurrency=0 | http_seconds=882.206 | slowest_request=21.579
SCRAPING TIMING | stage=missing_code | name=Solución Fotográfica Para Eventos (Kit) | url=https://stock.importacionesfacundo.com/producto/solucion-fotografica-para-eventos-kit/
SCRAPING TIMING | stage=missing_code | name=Software Ppmplus – Photoprintme Citizen | url=https://stock.importacionesfacundo.com/producto/software-ppmplus-photoprintme-citizen/
SCRAPING TIMING | stage=missing_code | name=Software Ikiosk Estandar Foto | url=https://stock.importacionesfacundo.com/producto/software-ikiosk-estandar-foto/
SCRAPING TIMING | stage=prune_guard | enabled=false | reason=missing_codes:3 | products=362 | categories=24
SCRAPING TIMING | stage=consolidation | products=357 | seconds=0.000
SCRAPING TIMING | stage=images | products=357 | seconds=0.485
SCRAPING TIMING | stage=mapping | products=357 | seconds=0.004
SCRAPING TIMING | stage=catalog_sync | products=357 | seconds=0.019 | prune=false | expected_unique=unknown | unique=357 | gap=0
SCRAPING TIMING | stage=sync_total | products=357 | seconds=0.510
SCRAPING TIMING | stage=category_coverage | category=Articulos De Antiestres | products=11 | unique=11
SCRAPING TIMING | stage=category_coverage | category=Articulos De Escritorio | products=12 | unique=12
SCRAPING TIMING | stage=category_coverage | category=Articulos De Oficina | products=7 | unique=7
SCRAPING TIMING | stage=category_coverage | category=Articulos De Playa | products=1 | unique=1
SCRAPING TIMING | stage=category_coverage | category=Articulos Personales | products=5 | unique=5
SCRAPING TIMING | stage=category_coverage | category=Artículos Antiestrés | products=25 | unique=25
SCRAPING TIMING | stage=category_coverage | category=Artículos de Escritorio | products=25 | unique=25
SCRAPING TIMING | stage=category_coverage | category=Artículos de Oficina | products=12 | unique=12
SCRAPING TIMING | stage=category_coverage | category=Artículos de Playa | products=5 | unique=5
SCRAPING TIMING | stage=category_coverage | category=Artículos Personales | products=17 | unique=17
SCRAPING TIMING | stage=category_coverage | category=Bolsas / Mochilas | products=3 | unique=3
SCRAPING TIMING | stage=category_coverage | category=Cocina | products=18 | unique=18
SCRAPING TIMING | stage=category_coverage | category=Cocina Mesa Y Hogar | products=14 | unique=14
SCRAPING TIMING | stage=category_coverage | category=Cocina, Mesa y Hogar | products=0 | unique=0
SCRAPING TIMING | stage=category_coverage | category=Enmicadoras / Laminadoras | products=9 | unique=9
SCRAPING TIMING | stage=category_coverage | category=Enmicadoras Laminadoras | products=9 | unique=9
SCRAPING TIMING | stage=category_coverage | category=Estuches | products=8 | unique=8
SCRAPING TIMING | stage=category_coverage | category=Impresoras Y Consumible Fotograficas Termicas | products=11 | unique=11
SCRAPING TIMING | stage=category_coverage | category=Impresoras y Consumible Fotográficas Térmicas | products=11 | unique=11
SCRAPING TIMING | stage=category_coverage | category=Insumos De Sublimacion | products=16 | unique=16
SCRAPING TIMING | stage=category_coverage | category=Insumos de Sublimación | products=25 | unique=25
SCRAPING TIMING | stage=category_coverage | category=Jarros Mug | products=19 | unique=19
SCRAPING TIMING | stage=category_coverage | category=Kits de Herramientas | products=0 | unique=0
SCRAPING TIMING | stage=category_coverage | category=Kits De Herramientas | products=2 | unique=2
SCRAPING TIMING | stage=category_coverage | category=Lapiceros Ecologicos | products=4 | unique=4
SCRAPING TIMING | stage=category_coverage | category=Lapiceros Metalicos | products=2 | unique=2
SCRAPING TIMING | stage=category_coverage | category=Lapiceros Metálicos | products=10 | unique=10
SCRAPING TIMING | stage=category_coverage | category=Llaveros Y Accesorios | products=14 | unique=14
SCRAPING TIMING | stage=category_coverage | category=Llaveros y Accesorios | products=12 | unique=12
SCRAPING TIMING | stage=category_coverage | category=Maquinas De Sublimacion | products=4 | unique=4
SCRAPING TIMING | stage=category_coverage | category=Mesa y Hogar | products=18 | unique=18
SCRAPING TIMING | stage=category_coverage | category=Micas Para Enmicados | products=25 | unique=25
SCRAPING TIMING | stage=category_coverage | category=Micas para Enmicados | products=0 | unique=0
SCRAPING TIMING | stage=category_coverage | category=Máquinas de Sublimación | products=4 | unique=4
SCRAPING TIMING | stage=category_coverage | category=Papeleria Grafipapel | products=22 | unique=22
SCRAPING TIMING | stage=category_coverage | category=Papelería Grafipapel | products=23 | unique=23
SCRAPING TIMING | stage=category_coverage | category=Papeles Fotograficos Koala Paper | products=9 | unique=9
SCRAPING TIMING | stage=category_coverage | category=Papeles Fotográficos Koala Paper | products=25 | unique=25
SCRAPING TIMING | stage=category_coverage | category=Plotters De Corte | products=14 | unique=14
SCRAPING TIMING | stage=category_coverage | category=Plotters de Corte | products=1 | unique=1
SCRAPING TIMING | stage=category_coverage | category=Porta Tacos Post It | products=10 | unique=10
SCRAPING TIMING | stage=category_coverage | category=Porta Tacos Post-It | products=15 | unique=15
SCRAPING TIMING | stage=category_coverage | category=Resaltadores Publicitarios | products=21 | unique=21
SCRAPING TIMING | stage=category_coverage | category=Tecnologia y Accesorios | products=4 | unique=4
SCRAPING TIMING | stage=category_coverage | category=Tecnologia Y Accesorios | products=9 | unique=9
SCRAPING TIMING | stage=multi_category_coverage | products=136 | categories=45
SCRAPING TIMING | stage=run_total | categories=24 | seconds=133.365
SCRAPING TIMING | stage=category_listing | categories=2 | products=2 | expected_category_occurrences=0 | occurrence_gap=0 | seconds=0.006
SCRAPING TIMING | stage=category_extraction | categories=2 | products=2 | expected_category_occurrences=0 | occurrence_gap=0 | seconds=0.010
SCRAPING TIMING | stage=prune_guard | enabled=true | reason=complete | products=2 | categories=2 | expected_category_occurrences=0
SCRAPING TIMING | stage=consolidation | products=1 | seconds=0.000
SCRAPING TIMING | stage=images | products=1 | seconds=0.000
SCRAPING TIMING | stage=mapping | products=1 | seconds=0.000
SCRAPING TIMING | category=categoria | products=2 | seconds=0.000
SCRAPING TIMING | stage=persistence | products=2 | seconds=0.000
SCRAPING TIMING | stage=sync_total | products=2 | seconds=0.001
SCRAPING TIMING | stage=missing_code | name=Sin código | url=(sin url)
SCRAPING TIMING | stage=run_start | categories=2
SCRAPING TIMING | stage=run_total | categories=2 | seconds=0.006
SCRAPING TIMING | stage=category_listing | categories=2 | products=2 | expected_category_occurrences=0 | occurrence_gap=0 | seconds=0.001
SCRAPING TIMING | stage=category_extraction | categories=2 | products=2 | expected_category_occurrences=0 | occurrence_gap=0 | seconds=0.002
SCRAPING TIMING | stage=prune_guard | enabled=true | reason=complete | products=2 | categories=2 | expected_category_occurrences=0
SCRAPING TIMING | stage=consolidation | products=1 | seconds=0.000
SCRAPING TIMING | stage=images | products=1 | seconds=0.000
SCRAPING TIMING | stage=mapping | products=1 | seconds=0.000
SCRAPING TIMING | stage=catalog_sync | products=1 | seconds=0.000 | prune=true | expected_unique=1 | expected_category_occurrences=unknown | unique=1 | gap=0
SCRAPING TIMING | stage=sync_total | products=1 | seconds=0.001
SCRAPING TIMING | stage=category_coverage | category=Jarros | products=1 | unique=1
SCRAPING TIMING | stage=category_coverage | category=Promocionales | products=1 | unique=1
SCRAPING TIMING | stage=multi_category_coverage | products=1 | categories=2
SCRAPING TIMING | category=categoria | products=2 | seconds=0.000
SCRAPING TIMING | stage=persistence | products=2 | seconds=0.000
SCRAPING TIMING | stage=sync_total | products=2 | seconds=0.000
SCRAPING TIMING | stage=missing_code | name=Sin código | url=(sin url)
SCRAPING TIMING | stage=run_start | categories=2
SCRAPING TIMING | stage=run_total | categories=2 | seconds=0.000
SCRAPING TIMING | stage=category_discovery | categories=24 | seconds=2.513
SCRAPING TIMING | stage=run_start | categories=24
SCRAPING TIMING | stage=category_listing | categories=24 | products=362 | expected_category_occurrences=525 | occurrence_gap=163 | seconds=129.562
SCRAPING TIMING | stage=category_extraction | categories=24 | products=362 | expected_category_occurrences=525 | occurrence_gap=163 | seconds=129.589
SCRAPING TIMING | stage=detail_cache | requests=22 | cache_hits=0 | skipped=340 | cache_size=22 | reasons=requested_missing_code:3,requested_missing_description:18,requested_missing_fields:21,requested_missing_stock:1,skipped_complete_single_stock:340
SCRAPING TIMING | stage=http | requests=79 | successes=76 | errors=3 | terminal_errors=0 | retries=6 | detail_requests=22 | category_requests=57 | other_requests=0 | max_concurrency=0 | http_seconds=791.704 | slowest_request=23.731
SCRAPING TIMING | stage=missing_code | name=Solución Fotográfica Para Eventos (Kit) | url=https://stock.importacionesfacundo.com/producto/solucion-fotografica-para-eventos-kit/
SCRAPING TIMING | stage=missing_code | name=Software Ppmplus – Photoprintme Citizen | url=https://stock.importacionesfacundo.com/producto/software-ppmplus-photoprintme-citizen/
SCRAPING TIMING | stage=missing_code | name=Software Ikiosk Estandar Foto | url=https://stock.importacionesfacundo.com/producto/software-ikiosk-estandar-foto/
SCRAPING TIMING | stage=prune_guard | enabled=false | reason=missing_codes:3 | products=362 | categories=24 | expected_category_occurrences=525
SCRAPING TIMING | stage=consolidation | products=357 | seconds=0.000
SCRAPING TIMING | stage=images | products=357 | seconds=0.457
SCRAPING TIMING | stage=mapping | products=357 | seconds=0.003
SCRAPING TIMING | stage=catalog_sync | products=357 | seconds=0.013 | prune=false | expected_unique=unknown | expected_category_occurrences=525 | unique=357 | gap=0
SCRAPING TIMING | stage=sync_total | products=357 | seconds=0.475
SCRAPING TIMING | stage=category_coverage | category=Articulos De Antiestres | products=11 | unique=11
SCRAPING TIMING | stage=category_coverage | category=Articulos De Escritorio | products=12 | unique=12
SCRAPING TIMING | stage=category_coverage | category=Articulos De Oficina | products=7 | unique=7
SCRAPING TIMING | stage=category_coverage | category=Articulos De Playa | products=1 | unique=1
SCRAPING TIMING | stage=category_coverage | category=Articulos Personales | products=5 | unique=5
SCRAPING TIMING | stage=category_coverage | category=Artículos Antiestrés | products=25 | unique=25
SCRAPING TIMING | stage=category_coverage | category=Artículos de Escritorio | products=25 | unique=25
SCRAPING TIMING | stage=category_coverage | category=Artículos de Oficina | products=12 | unique=12
SCRAPING TIMING | stage=category_coverage | category=Artículos de Playa | products=5 | unique=5
SCRAPING TIMING | stage=category_coverage | category=Artículos Personales | products=17 | unique=17
SCRAPING TIMING | stage=category_coverage | category=Bolsas / Mochilas | products=3 | unique=3
SCRAPING TIMING | stage=category_coverage | category=Cocina | products=18 | unique=18
SCRAPING TIMING | stage=category_coverage | category=Cocina Mesa Y Hogar | products=14 | unique=14
SCRAPING TIMING | stage=category_coverage | category=Cocina, Mesa y Hogar | products=0 | unique=0
SCRAPING TIMING | stage=category_coverage | category=Enmicadoras / Laminadoras | products=9 | unique=9
SCRAPING TIMING | stage=category_coverage | category=Enmicadoras Laminadoras | products=9 | unique=9
SCRAPING TIMING | stage=category_coverage | category=Estuches | products=8 | unique=8
SCRAPING TIMING | stage=category_coverage | category=Impresoras Y Consumible Fotograficas Termicas | products=11 | unique=11
SCRAPING TIMING | stage=category_coverage | category=Impresoras y Consumible Fotográficas Térmicas | products=11 | unique=11
SCRAPING TIMING | stage=category_coverage | category=Insumos De Sublimacion | products=16 | unique=16
SCRAPING TIMING | stage=category_coverage | category=Insumos de Sublimación | products=25 | unique=25
SCRAPING TIMING | stage=category_coverage | category=Jarros Mug | products=19 | unique=19
SCRAPING TIMING | stage=category_coverage | category=Kits De Herramientas | products=2 | unique=2
SCRAPING TIMING | stage=category_coverage | category=Kits de Herramientas | products=0 | unique=0
SCRAPING TIMING | stage=category_coverage | category=Lapiceros Ecologicos | products=4 | unique=4
SCRAPING TIMING | stage=category_coverage | category=Lapiceros Metalicos | products=2 | unique=2
SCRAPING TIMING | stage=category_coverage | category=Lapiceros Metálicos | products=10 | unique=10
SCRAPING TIMING | stage=category_coverage | category=Llaveros y Accesorios | products=12 | unique=12
SCRAPING TIMING | stage=category_coverage | category=Llaveros Y Accesorios | products=14 | unique=14
SCRAPING TIMING | stage=category_coverage | category=Maquinas De Sublimacion | products=4 | unique=4
SCRAPING TIMING | stage=category_coverage | category=Mesa y Hogar | products=18 | unique=18
SCRAPING TIMING | stage=category_coverage | category=Micas Para Enmicados | products=25 | unique=25
SCRAPING TIMING | stage=category_coverage | category=Micas para Enmicados | products=0 | unique=0
SCRAPING TIMING | stage=category_coverage | category=Máquinas de Sublimación | products=4 | unique=4
SCRAPING TIMING | stage=category_coverage | category=Papeleria Grafipapel | products=22 | unique=22
SCRAPING TIMING | stage=category_coverage | category=Papelería Grafipapel | products=23 | unique=23
SCRAPING TIMING | stage=category_coverage | category=Papeles Fotograficos Koala Paper | products=9 | unique=9
SCRAPING TIMING | stage=category_coverage | category=Papeles Fotográficos Koala Paper | products=25 | unique=25
SCRAPING TIMING | stage=category_coverage | category=Plotters De Corte | products=14 | unique=14
SCRAPING TIMING | stage=category_coverage | category=Plotters de Corte | products=1 | unique=1
SCRAPING TIMING | stage=category_coverage | category=Porta Tacos Post It | products=10 | unique=10
SCRAPING TIMING | stage=category_coverage | category=Porta Tacos Post-It | products=15 | unique=15
SCRAPING TIMING | stage=category_coverage | category=Resaltadores Publicitarios | products=21 | unique=21
SCRAPING TIMING | stage=category_coverage | category=Tecnologia y Accesorios | products=4 | unique=4
SCRAPING TIMING | stage=category_coverage | category=Tecnologia Y Accesorios | products=9 | unique=9
SCRAPING TIMING | stage=multi_category_coverage | products=136 | categories=45
SCRAPING TIMING | stage=run_total | categories=24 | seconds=130.080
SCRAPING TIMING | stage=category_listing | categories=2 | products=2 | expected_category_occurrences=0 | occurrence_gap=0 | seconds=0.001
SCRAPING TIMING | stage=category_extraction | categories=2 | products=2 | expected_category_occurrences=0 | occurrence_gap=0 | seconds=0.002
SCRAPING TIMING | stage=prune_guard | enabled=true | reason=complete | products=2 | categories=2 | expected_category_occurrences=0
SCRAPING TIMING | stage=consolidation | products=1 | seconds=0.000
SCRAPING TIMING | stage=images | products=1 | seconds=0.000
SCRAPING TIMING | stage=mapping | products=1 | seconds=0.000
SCRAPING TIMING | stage=catalog_sync | products=1 | seconds=0.000 | prune=true | expected_unique=1 | expected_category_occurrences=unknown | unique=1 | gap=0
SCRAPING TIMING | stage=sync_total | products=1 | seconds=0.001
SCRAPING TIMING | stage=category_coverage | category=Jarros | products=1 | unique=1
SCRAPING TIMING | stage=category_coverage | category=Promocionales | products=1 | unique=1
SCRAPING TIMING | stage=multi_category_coverage | products=1 | categories=2
SCRAPING TIMING | category=categoria | products=2 | seconds=0.000
SCRAPING TIMING | stage=persistence | products=2 | seconds=0.000
SCRAPING TIMING | stage=sync_total | products=2 | seconds=0.000
SCRAPING TIMING | stage=missing_code | name=Sin código | url=(sin url)
SCRAPING TIMING | stage=run_start | categories=2
SCRAPING TIMING | stage=run_total | categories=2 | seconds=0.001
SCRAPING TIMING | stage=category_listing | categories=2 | products=2 | expected_category_occurrences=0 | occurrence_gap=0 | seconds=0.002
SCRAPING TIMING | stage=category_extraction | categories=2 | products=2 | expected_category_occurrences=0 | occurrence_gap=0 | seconds=0.003
SCRAPING TIMING | stage=prune_guard | enabled=true | reason=complete | products=2 | categories=2 | expected_category_occurrences=0
SCRAPING TIMING | stage=consolidation | products=1 | seconds=0.000
SCRAPING TIMING | stage=images | products=1 | seconds=0.000
SCRAPING TIMING | stage=mapping | products=1 | seconds=0.000
SCRAPING TIMING | stage=catalog_sync | products=1 | seconds=0.000 | prune=true | expected_unique=1 | expected_category_occurrences=unknown | unique=1 | gap=0
SCRAPING TIMING | stage=sync_total | products=1 | seconds=0.003
SCRAPING TIMING | stage=category_coverage | category=Jarros | products=1 | unique=1
SCRAPING TIMING | stage=category_coverage | category=Promocionales | products=1 | unique=1
SCRAPING TIMING | stage=multi_category_coverage | products=1 | categories=2
SCRAPING TIMING | category=categoria | products=2 | seconds=0.000
SCRAPING TIMING | stage=persistence | products=2 | seconds=0.000
SCRAPING TIMING | stage=sync_total | products=2 | seconds=0.001
SCRAPING TIMING | stage=missing_code | name=Sin código | url=(sin url)
SCRAPING TIMING | stage=run_start | categories=2
SCRAPING TIMING | stage=run_total | categories=2 | seconds=0.000
SCRAPING TIMING | stage=category_listing | categories=2 | products=2 | expected_category_occurrences=0 | occurrence_gap=0 | seconds=0.001
SCRAPING TIMING | stage=category_extraction | categories=2 | products=2 | expected_category_occurrences=0 | occurrence_gap=0 | seconds=0.002
SCRAPING TIMING | stage=prune_guard | enabled=true | reason=complete | products=2 | categories=2 | expected_category_occurrences=0
SCRAPING TIMING | stage=consolidation | products=1 | seconds=0.000
SCRAPING TIMING | stage=images | products=1 | seconds=0.000
SCRAPING TIMING | stage=mapping | products=1 | seconds=0.000
SCRAPING TIMING | stage=catalog_sync | products=1 | seconds=0.000 | prune=true | expected_unique=1 | expected_category_occurrences=unknown | unique=1 | gap=0
SCRAPING TIMING | stage=sync_total | products=1 | seconds=0.001
SCRAPING TIMING | stage=category_coverage | category=Jarros | products=1 | unique=1
SCRAPING TIMING | stage=category_coverage | category=Promocionales | products=1 | unique=1
SCRAPING TIMING | stage=multi_category_coverage | products=1 | categories=2
SCRAPING TIMING | category=categoria | products=2 | seconds=0.000
SCRAPING TIMING | stage=persistence | products=2 | seconds=0.000
SCRAPING TIMING | stage=sync_total | products=2 | seconds=0.000
SCRAPING TIMING | stage=missing_code | name=Sin código | url=(sin url)
SCRAPING TIMING | stage=run_start | categories=2
SCRAPING TIMING | stage=run_total | categories=2 | seconds=0.001
SCRAPING TIMING | stage=category_listing | categories=2 | products=2 | expected_category_occurrences=0 | occurrence_gap=0 | seconds=0.001
SCRAPING TIMING | stage=category_extraction | categories=2 | products=2 | expected_category_occurrences=0 | occurrence_gap=0 | seconds=0.002
SCRAPING TIMING | stage=prune_guard | enabled=true | reason=complete | products=2 | categories=2 | expected_category_occurrences=0
SCRAPING TIMING | stage=consolidation | products=1 | seconds=0.000
SCRAPING TIMING | stage=images | products=1 | seconds=0.000
SCRAPING TIMING | stage=mapping | products=1 | seconds=0.000
SCRAPING TIMING | stage=catalog_sync | products=1 | seconds=0.000 | prune=true | expected_unique=1 | expected_category_occurrences=unknown | unique=1 | gap=0
SCRAPING TIMING | stage=sync_total | products=1 | seconds=0.001
SCRAPING TIMING | stage=category_coverage | category=Jarros | products=1 | unique=1
SCRAPING TIMING | stage=category_coverage | category=Promocionales | products=1 | unique=1
SCRAPING TIMING | stage=multi_category_coverage | products=1 | categories=2
SCRAPING TIMING | category=categoria | products=2 | seconds=0.000
SCRAPING TIMING | stage=persistence | products=2 | seconds=0.000
SCRAPING TIMING | stage=sync_total | products=2 | seconds=0.000
SCRAPING TIMING | stage=missing_code | name=Sin código | url=(sin url)
SCRAPING TIMING | stage=run_start | categories=2
SCRAPING TIMING | stage=run_total | categories=2 | seconds=0.000
SCRAPING TIMING | stage=category_listing | categories=2 | products=2 | expected_category_occurrences=0 | occurrence_gap=0 | seconds=0.001
SCRAPING TIMING | stage=category_extraction | categories=2 | products=2 | expected_category_occurrences=0 | occurrence_gap=0 | seconds=0.002
SCRAPING TIMING | stage=prune_guard | enabled=true | reason=complete | products=2 | categories=2 | expected_category_occurrences=0
SCRAPING TIMING | stage=consolidation | products=1 | seconds=0.000
SCRAPING TIMING | stage=images | products=1 | seconds=0.000
SCRAPING TIMING | stage=mapping | products=1 | seconds=0.000
SCRAPING TIMING | stage=catalog_sync | products=1 | seconds=0.000 | prune=true | expected_unique=1 | expected_category_occurrences=unknown | unique=1 | gap=0
SCRAPING TIMING | stage=sync_total | products=1 | seconds=0.001
SCRAPING TIMING | stage=category_coverage | category=Jarros | products=1 | unique=1
SCRAPING TIMING | stage=category_coverage | category=Promocionales | products=1 | unique=1
SCRAPING TIMING | stage=multi_category_coverage | products=1 | categories=2
SCRAPING TIMING | category=categoria | products=2 | seconds=0.000
SCRAPING TIMING | stage=persistence | products=2 | seconds=0.000
SCRAPING TIMING | stage=sync_total | products=2 | seconds=0.000
SCRAPING TIMING | stage=missing_code | name=Sin código | url=(sin url)
SCRAPING TIMING | stage=run_start | categories=2
SCRAPING TIMING | stage=run_total | categories=2 | seconds=0.000
SCRAPING TIMING | stage=category_discovery | categories=24 | seconds=2.232
SCRAPING TIMING | stage=run_start | categories=24
SCRAPING TIMING | stage=category_listing | categories=24 | products=362 | expected_category_occurrences=525 | occurrence_gap=163 | seconds=150.044
SCRAPING TIMING | stage=category_extraction | categories=24 | products=362 | expected_category_occurrences=525 | occurrence_gap=163 | seconds=150.070
SCRAPING TIMING | stage=detail_cache | requests=22 | cache_hits=0 | skipped=340 | cache_size=22 | reasons=requested_missing_code:3,requested_missing_description:18,requested_missing_fields:21,requested_missing_stock:1,skipped_complete_single_stock:340
SCRAPING TIMING | stage=http | requests=90 | successes=76 | errors=14 | terminal_errors=0 | retries=23 | detail_requests=22 | category_requests=68 | other_requests=0 | max_concurrency=0 | http_seconds=967.438 | slowest_request=24.608
SCRAPING TIMING | stage=missing_code | name=Solución Fotográfica Para Eventos (Kit) | url=https://stock.importacionesfacundo.com/producto/solucion-fotografica-para-eventos-kit/
SCRAPING TIMING | stage=missing_code | name=Software Ppmplus – Photoprintme Citizen | url=https://stock.importacionesfacundo.com/producto/software-ppmplus-photoprintme-citizen/
SCRAPING TIMING | stage=missing_code | name=Software Ikiosk Estandar Foto | url=https://stock.importacionesfacundo.com/producto/software-ikiosk-estandar-foto/
SCRAPING TIMING | stage=prune_guard | enabled=false | reason=missing_codes:3 | products=362 | categories=24 | expected_category_occurrences=525
SCRAPING TIMING | stage=consolidation | products=357 | seconds=0.000
SCRAPING TIMING | stage=images | products=357 | seconds=0.485
SCRAPING TIMING | stage=mapping | products=357 | seconds=0.003
SCRAPING TIMING | stage=catalog_sync | products=357 | seconds=0.012 | prune=false | expected_unique=unknown | expected_category_occurrences=525 | unique=357 | gap=0
SCRAPING TIMING | stage=sync_total | products=357 | seconds=0.503
SCRAPING TIMING | stage=category_coverage | category=Articulos De Antiestres | products=11 | unique=11
SCRAPING TIMING | stage=category_coverage | category=Articulos De Escritorio | products=12 | unique=12
SCRAPING TIMING | stage=category_coverage | category=Articulos De Oficina | products=7 | unique=7
SCRAPING TIMING | stage=category_coverage | category=Articulos De Playa | products=1 | unique=1
SCRAPING TIMING | stage=category_coverage | category=Articulos Personales | products=5 | unique=5
SCRAPING TIMING | stage=category_coverage | category=Artículos Antiestrés | products=25 | unique=25
SCRAPING TIMING | stage=category_coverage | category=Artículos de Escritorio | products=25 | unique=25
SCRAPING TIMING | stage=category_coverage | category=Artículos de Oficina | products=12 | unique=12
SCRAPING TIMING | stage=category_coverage | category=Artículos de Playa | products=5 | unique=5
SCRAPING TIMING | stage=category_coverage | category=Artículos Personales | products=17 | unique=17
SCRAPING TIMING | stage=category_coverage | category=Bolsas / Mochilas | products=3 | unique=3
SCRAPING TIMING | stage=category_coverage | category=Cocina | products=18 | unique=18
SCRAPING TIMING | stage=category_coverage | category=Cocina Mesa Y Hogar | products=14 | unique=14
SCRAPING TIMING | stage=category_coverage | category=Cocina, Mesa y Hogar | products=0 | unique=0
SCRAPING TIMING | stage=category_coverage | category=Enmicadoras / Laminadoras | products=9 | unique=9
SCRAPING TIMING | stage=category_coverage | category=Enmicadoras Laminadoras | products=9 | unique=9
SCRAPING TIMING | stage=category_coverage | category=Estuches | products=8 | unique=8
SCRAPING TIMING | stage=category_coverage | category=Impresoras Y Consumible Fotograficas Termicas | products=11 | unique=11
SCRAPING TIMING | stage=category_coverage | category=Impresoras y Consumible Fotográficas Térmicas | products=11 | unique=11
SCRAPING TIMING | stage=category_coverage | category=Insumos De Sublimacion | products=16 | unique=16
SCRAPING TIMING | stage=category_coverage | category=Insumos de Sublimación | products=25 | unique=25
SCRAPING TIMING | stage=category_coverage | category=Jarros Mug | products=19 | unique=19
SCRAPING TIMING | stage=category_coverage | category=Kits De Herramientas | products=2 | unique=2
SCRAPING TIMING | stage=category_coverage | category=Kits de Herramientas | products=0 | unique=0
SCRAPING TIMING | stage=category_coverage | category=Lapiceros Ecologicos | products=4 | unique=4
SCRAPING TIMING | stage=category_coverage | category=Lapiceros Metalicos | products=2 | unique=2
SCRAPING TIMING | stage=category_coverage | category=Lapiceros Metálicos | products=10 | unique=10
SCRAPING TIMING | stage=category_coverage | category=Llaveros y Accesorios | products=12 | unique=12
SCRAPING TIMING | stage=category_coverage | category=Llaveros Y Accesorios | products=14 | unique=14
SCRAPING TIMING | stage=category_coverage | category=Maquinas De Sublimacion | products=4 | unique=4
SCRAPING TIMING | stage=category_coverage | category=Mesa y Hogar | products=18 | unique=18
SCRAPING TIMING | stage=category_coverage | category=Micas Para Enmicados | products=25 | unique=25
SCRAPING TIMING | stage=category_coverage | category=Micas para Enmicados | products=0 | unique=0
SCRAPING TIMING | stage=category_coverage | category=Máquinas de Sublimación | products=4 | unique=4
SCRAPING TIMING | stage=category_coverage | category=Papeleria Grafipapel | products=22 | unique=22
SCRAPING TIMING | stage=category_coverage | category=Papelería Grafipapel | products=23 | unique=23
SCRAPING TIMING | stage=category_coverage | category=Papeles Fotograficos Koala Paper | products=9 | unique=9
SCRAPING TIMING | stage=category_coverage | category=Papeles Fotográficos Koala Paper | products=25 | unique=25
SCRAPING TIMING | stage=category_coverage | category=Plotters De Corte | products=14 | unique=14
SCRAPING TIMING | stage=category_coverage | category=Plotters de Corte | products=1 | unique=1
SCRAPING TIMING | stage=category_coverage | category=Porta Tacos Post It | products=10 | unique=10
SCRAPING TIMING | stage=category_coverage | category=Porta Tacos Post-It | products=15 | unique=15
SCRAPING TIMING | stage=category_coverage | category=Resaltadores Publicitarios | products=21 | unique=21
SCRAPING TIMING | stage=category_coverage | category=Tecnologia y Accesorios | products=4 | unique=4
SCRAPING TIMING | stage=category_coverage | category=Tecnologia Y Accesorios | products=9 | unique=9
SCRAPING TIMING | stage=multi_category_coverage | products=136 | categories=45
SCRAPING TIMING | stage=run_total | categories=24 | seconds=150.589
